"STATION","DATE","LATITUDE","LONGITUDE","ELEVATION","NAME","IMMA_VER","ATTM_CT","TIME_IND","LL_IND","SHIP_COURSE","SHIP_SPD","ID_IND","WIND_DIR_IND","WIND_DIR","WIND_SPD_IND","WIND_SPEED","VISIBILITY","PRES_WX","PAST_WX","SEA_LVL_PRES","CHAR_PPP","AMT_PRES_TEND","IND_FOR_TEMP","AIR_TEMP","IND_FOR_WBT","WET_BULB_TEMP","DEW_PT_TEMP","SST_MM","SEA_SURF_TEMP","TOT_CLD_AMT","LOW_CLD_AMT","LOW_CLD_TYPE","CLD_HGT","MID_CLD_TYPE","HI_CLD_TYPE","WAVE_PERIOD","WAVE_HGT","SWELL_DIR","SWELL_PERIOD","SWELL_HGT","TEN_BOX_NUM","ONE_BOX_NUM","DECK","SOURCE_ID","PLATFORM_ID","DUP_STATUS","DUP_CHK","NIGHT_DAY_FLAG","TRIM_FLAG","NCDC_QC_FLAGS","STA_WX_IND","PAST_WX2","DIR_OF_SWELL2","PER_OF_SWELL2","HGT_OF_SWELL2","THICKNESS_OF_I","CONCEN_OF_SEA_ICE","STAGE_OF_DEVELP","ICE_OF_LAND_ORIGIN","TRUE_BEARING_ICE_EDGE","ICE_SIT_TREND","IND_FOR_PRECIP"
"VRKB8","2021-01-01T01:00:00","-25.80","-43.80",,,"1","4","0","0","3","3","1","0","320","3","93","97","63","6","10127",,,"0","240","0","220","210","1",,"8","8","7","2","A","A","6","3","6","6","4","425","53","992","114","5","1","2","1","711111","1113111116111A","1","6",,,,,,,,,,"4"
"VRKB8","2021-01-01T13:00:00","-27.20","-40.80",,,"1","4","0","0","3","3","1","0","340","3","57","98","3","2","10147",,,"0","260","0","230","215","1","290","8","8","7","2","7","A","4","2","4","5","3","425","70","992","114","5","1","2","2","511111","1111111111111A","1","2",,,,,,,,,,"4"
"TBWUK82","2021-01-01T15:00:00","-22.80","-41.60",,,"1","4","0","0","5","4","1","0","90","3","103",,,,"10160","0",,"0","240","0","240","240","1","250",,,,"A",,,"5","2",,,,"425","21","992","114","5","1","2","2","111113","11AAA1111181A7","1",,,,,,,,,,,"4"
"V7FJ8","2021-01-01T15:00:00","-26.50","-44.70",,,"1","4","0","0","1","2","1","0","230","3","67","97",,"1","10110","4","0","3","270","0","250","240","1",,"8","8","6","6","2","2","3","3","5","3","3","425","64","992","114","5","1","2","2","711111","111A1111161111","1","1","5","3","3",,,,,,,"4"
"9V6142","2021-01-01T18:00:00","-25.70","-48.20",,,"1","4","0","0","0","0","1","0","100","3","87","95","81","8","10240",,,"0","240","0","220","211",,,"8","8","7","1","A","A","5","3","9","5","4","425","58","992","114","5","1","2","2","F11151","111111111A111A","1","6",,,,,,,,,,"4"
"V7FJ8","2021-01-01T22:00:00","-25.60","-44.20",,,"1","4","0","0","1","2","1","0","50","3","98",,,"1","10100","5",,"3","280","0","250","240","1","300","7","7","5","7","3","3","5","3",,"5","3","425","54","992","114","5","1","2","1","311111","11AA1111111177","1","1",,"5","3",,,,,,,"4"
"9V6142","2021-01-02T06:00:00","-25.70","-48.20",,,"1","4","0","0","0","0","1","0","180","3","87","96","80","8","10240",,,"0","240","0","210","196",,,"8","8","7","2","A","A","5","3","38","6","3","425","58","992","114","5","1","2","1","F11151","111111111A111A","1","6",,,,,,,,,,"4"
"V7FJ8","2021-01-02T11:00:00","-23.40","-43.30",,,"1","4","0","0","2","2","1","0","90","3","67",,,"1","10100","4",,"3","280","0","250","240","1","300","6","6","1","7","5","4","5","3",,"5","3","425","33","992","114","5","1","2","2","311111","11AA1111111177","1","1",,"5","3",,,,,,,"4"
"9V6142","2021-01-02T18:00:00","-25.70","-48.20",,,"1","4","0","0","0","0","1","0","130","3","26","97",,"5","10240",,,"0","260","0","230","218",,,"8","8","6","3","A","A","5","1","38","6","2","425","58","992","114","5","1","2","2","F11151","111A11111A111A","1","5",,,,,,,,,,"4"
"CQIV3","2021-01-02T19:00:00","-27.20","-47.80",,,"1","4","0","0","5","3","1","0","100","4","36","98","2",,"10140","4","0","0","265",,,,"3","260","4","4","A","A","4","A","2","1","10","5","2","425","77","992","114","5","1","2","2","11111F","1111A11AA11111","1",,,,,,,,,,,"4"
"9V6142","2021-01-03T05:00:00","-25.70","-48.20",,,"1","4","0","0","0","0","1","0","100","3","36","96",,"8","10230",,,"0","230","0","200","185",,,"7","7","8","3","0","0","4","1","38","6","2","425","58","992","114","5","1","2","1","F11131","111A11111A111A","1","5",,,,,,,,,,"4"
"CQIV3","2021-01-03T07:00:00","-29.60","-49.30",,,"1","4","0","0","5","3","1","0","10","4","26","97","3","5","10130","8","2","0","230",,,,"3","240","5",,,"A",,,"99",,,,,"425","99","992","114","5","1","2","1","11111F","1111111AA117A1","1","5",,,,,,,,,,"4"
"9V6142","2021-01-03T11:00:00","-25.70","-48.20",,,"1","4","0","0","0","0","1","0","270","3","26","97","18","2","10230","1","10","0","230","0","210","201",,"240","5","3","3","4","7","8","3","2","38","3","2","425","58","992","114","5","1","2","2","111131","11111111111111","1","2",,,,,,,,,,"4"
"9V8586","2021-01-03T13:00:00","-24.50","-44.10",,,"1","4","0","0","1","4","1","0","130","4","113","97","50","5","10125","0","3","0","247",,,"202","1","230","8","7","7","2","2","0","3","2","18","10","4","425","44","992","114","5","1","2","2","111111","1111111A111111","1","5",,,,,,,,,,"4"
"TBWUK82","2021-01-03T15:00:00","-26.80","-47.70",,,"1","4","0","0","5","3","1","0","140","3","103",,,,"10150","0",,"0","250","0","250","250","1","250",,,,"A",,,"6","4",,,,"425","67","992","114","5","1","2","2","111113","11AAA1111181A7","1",,,,,,,,,,,"4"
"9V6142","2021-01-03T18:00:00","-25.70","-48.20",,,"1","4","0","0","0","0","1","0","100","3","87","97",,"5","10230",,,"0","280","0","230","209",,,"7","7","4","2","0","0","4","1","12","6","2","425","58","992","114","5","1","2","2","F11131","111A11111A111A","1","5",,,,,,,,,,"4"
"9V8586","2021-01-04T01:00:00","-22.10","-40.50",,,"1","4","0","0","1","4","1","0","90","4","51","98","2","0","10122","0","1","0","254",,,"223","1","230","5","3","4","5","9","8","4","1","18","11","4","425","20","992","114","5","1","2","1","111111","1111111A111111","1","0",,,,,,,,,,"4"
"V7FJ8","2021-01-04T01:00:00","-23.10","-41.30",,,"1","4","0","0","1","3","1","0","180","3","67","97",,"1","10110","4","0","3","250","0","230","220","1","300","7","7","6","7","2","1","3","4","18","3","4","425","31","992","114","5","1","2","1","311111","111A1111111111","1","1","18","3","4",,,,,,,"4"
"V7FJ8","2021-01-04T10:00:00","-21.80","-40.30",,,"1","4","0","0","8","2","1","0","50","3","67",,,"1","10150","4",,"3","250","0","220","210","1","300","6","6","1","7","5","4","5","3",,"5","3","425","10","992","114","5","1","2","2","311111","11AA1111111177","1","1",,"5","3",,,,,,,"4"
"V7FJ8","2021-01-04T12:00:00","-21.50","-40.30",,,"1","4","0","0","1","2","1","0","50","3","98","97",,"2","10120","4","0","3","240","0","220","210","1","300","8","8","6","6","2","2","4","4","5","4","4","425","10","992","114","5","1","2","2","311111","111A1111111111","1","2","5","4","4",,,,,,,"4"
"V7FJ8","2021-01-04T14:00:00","-21.10","-40.10",,,"1","4","0","0","1","2","1","0","50","3","123","97",,"0","10120","4","0","3","260","0","240","230","1","300","3","3","1","7","3","3","3","4","5","3","4","425","10","992","114","5","1","2","2","311111","111A1111111111","1","0","5","3","4",,,,,,,"4"
"V7FJ8","2021-01-04T15:00:00","-21.10","-40.10",,,"1","4","0","0","1","2","1","0","50","3","98","97",,"1","10110","4","0","3","250","0","230","220","1","300","6","6","4","7","2","3","3","4","5","3","4","425","10","992","114","5","1","2","2","311111","111A1111111111","1","1","5","3","4",,,,,,,"4"
"9V6142","2021-01-04T18:00:00","-25.70","-48.20",,,"1","4","0","0","0","0","1","0","90","3","46","97",,,"10170",,,"0","280","0","240","224",,"250","2","2","0","3","4","0","3","1","38","7","2","425","58","992","114","5","1","2","2","111111","111AA11111111A","3",,,,,,,,,,,"4"
"9V6142","2021-01-05T05:00:00","-25.70","-48.20",,,"1","4","0","0","0","0","1","0","50","3","87","96",,,"10160",,,"0","250","0","220","207",,"240","8","8","6","2","A","A","4","2","38","6","2","425","58","992","114","5","1","2","1","111111","111AA11111111A","1",,,,,,,,,,,"4"
"A8WP6","2021-01-05T08:00:00","-21.60","-40.30",,,"1","4","0","0","5","3","1","0","40","4","108","98","2",,"10132","7","1","0","240","0","235","233","1","189","4","1","2","2","0","8","4","2",,,,"425","10","992","114","5","1","2","1","211111","1111A1111111A1","1",,,,,,,,,,,"4"
"A8WP6","2021-01-05T09:00:00","-21.80","-40.50",,,"1","4","0","0","5","3","1","0","40","4","108","98","2","0","10138","2","5","0","245","0","232","226","1","174","4","1","2","3","0","8","3","2",,,,"425","10","992","114","5","1","2","2","411111","111111111111A1","1","0",,,,,,,,,,"4"
"A8WP6","2021-01-05T10:00:00","-22.00","-40.60",,,"1","4","0","0","5","3","1","0","10","4","108","98","3","1","10136","2","4","0","255","0","240","233","1",,"5","1","2","3","0","8","3","2",,,,"425","20","992","114","5","1","2","2","611111","111111111111A1","1","1",,,,,,,,,,"4"
"A8WP6","2021-01-05T11:00:00","-22.10","-40.70",,,"1","4","0","0","5","3","1","0","20","4","103","98","2","2","10139","2","7","0","260","0","240","231","1","193","5","1","2","4","0","4","3","2",,,,"425","20","992","114","5","1","2","2","411111","111111111111A1","1","2",,,,,,,,,,"4"
"V7FJ8","2021-01-05T11:00:00","-20.30","-40.20",,,"1","4","0","0","0","0","1","0","330","3","46",,,"1","10150","4",,"3","270","0","250","240","1","300","7","7","6","7","2","1","3","2",,"3","2","425","0","992","114","5","1","2","2","311111","11AA1111111177","1","1",,"3","2",,,,,,,"4"
"9V6142","2021-01-05T12:00:00","-25.70","-48.20",,,"1","4","0","0","0","0","1","0","360","3","31","98","18","0","10180","2","20","0","250","0","220","207",,"240","3","3","5","4","6","8","4","2","16","3","2","425","58","992","114","5","1","2","2","111111","11111111111111","1","0",,,,,,,,,,"4"
"A8WP6","2021-01-05T12:00:00","-22.20","-40.90",,,"1","4","0","0","5","3","1","0","20","4","93","98","3","0","10139","2","3","0","230","0","220","215","1","250","5","4","A","7","4","2","8","3",,,,"425","20","992","114","5","1","2","2","111111","111111111111A1","1","0",,,,,,,,,,"4"
"LAZV5","2021-01-05T16:00:00","-29.90","-45.40",,,"1","4","0","0","1","3","1","0","70","4","36","98","3","2","10167","7","5","0","260","0","250","246","3","240","7","7","2","1","0","8","2","0","13","9","2","425","95","992","114","5","1","2","2","111111","11111111111111","1","2",,,,,,,,,,"4"
"LAZV5","2021-01-05T17:00:00","-29.70","-45.20",,,"1","4","0","0","1","3","1","0","80","4","31","98","3","2","10167","7","5","0","260","0","250","246","3","240","6","6","1","1","A","8","2","0","13","6","2","425","95","992","114","5","1","2","2","111111","11111111111111","1","2",,,,,,,,,,"4"
"OXOF2","2021-01-05T17:00:00","-23.30","-42.50",,,"1","4","0","0","2","4","1","0","110","4","41","98","3","1","10124","7",,"0","260","0","205","178","1","250","7","6","5","5","6","1","3","1","17","7","3","425","32","992","114","5","1","2","2","111112","11111111111117","1","1",,,,,,,,,,"4"
"9V6142","2021-01-05T18:00:00","-25.70","-48.20",,,"1","4","0","0","0","0","1","0","90","3","93","97",,,"10160",,,"0","300","0","250","231",,,"5","5","4","2","6","A","4","2","38","6","2","425","58","992","114","5","1","2","2","F11111","111AA1111A111A","3",,,,,,,,,,,"4"
"LAZV5","2021-01-05T18:00:00","-29.50","-45.00",,,"1","4","0","0","1","3","1","0","60","4","26","98","2","2","10167","7","5","0","260","0","250","246","3","240","7","7","1","0","A","8","3","0","13","6","3","425","95","992","114","5","1","2","2","111111","11111111111111","1","2",,,,,,,,,,"4"
"A8WP6","2021-01-05T20:00:00","-23.20","-42.60",,,"1","4","0","0","6","3","1","0","90","4","67","98","2","2","10105","7","13","0","264","0","253","248","1","202","6","1","3","5","0","8","99","1",,,,"425","32","992","114","5","1","2","2","111111","111111111113A1","1","2",,,,,,,,,,"4"
"LAZV5","2021-01-05T20:00:00","-29.10","-44.70",,,"1","4","0","0","1","3","1","0","50","4","51","99","2","0","10156","7","5","0","260","0","250","246","3","240","4","3","1","2","6","2","99","1","8","7","4","425","94","992","114","5","1","2","2","111111","11111111111311","1","0",,,,,,,,,,"4"
"A8WP6","2021-01-05T21:00:00","-23.30","-42.90",,,"1","4","0","0","6","3","1","0","100","4","67","98","2","2","10105","7","9","0","260","0","250","246","1","205",,,,"A",,,"99","1",,,,"425","32","992","114","5","1","2","2","111111","111111111183A1","1","2",,,,,,,,,,"4"
"LAZV5","2021-01-05T21:00:00","-29.00","-44.60",,,"1","4","0","0","1","3","1","0","60","4","46","99","2","0","10154","6","2","0","260","0","250","246","3","240","4","4","2","2","6","8","3","1","8","4","4","425","94","992","114","5","1","2","2","111111","11111111111111","1","0",,,,,,,,,,"4"
"LAZV5","2021-01-05T22:00:00","-28.80","-44.40",,,"1","4","0","0","1","3","1","0","60","4","46","99","3","0","10151","6","3","0","260","0","250","246","3","240","4","4","4","4","7","8","3","1","8","7","4","425","84","992","114","5","1","2","1","111111","11111111111111","1","0",,,,,,,,,,"4"
"V7FJ8","2021-01-05T22:00:00","-20.30","-40.20",,,"1","4","0","0","0","0","1","0","50","3","98",,,"1","10150","4",,"3","250","0","230","220","1","300","7","7","6","7","2","1","3","3",,"3","3","425","0","992","114","5","1","2","1","311111","11AA1111111177","1","1",,"3","3",,,,,,,"4"
"LAZV5","2021-01-05T23:00:00","-28.60","-44.20",,,"1","4","0","0","1","3","1","0","70","4","51","98","1","0","10156","3","4","0","250","0","240","236","3","230","2","2","1","3","6","4","3","1","11","7","4","425","84","992","114","5","1","2","1","111111","11111111111111","1","0",,,,,,,,,,"4"
"A8MH2","2021-01-06T00:00:00","-24.30","-43.90",,,"1","4","0","0","5","4","1","0","40","4","62","97","3","2","10150","0","10","0","280","0","280","280","3","260","6","5","2","0","4","1","12","2","0",,,"425","43","992","114","5","0",,"1","111113","11111111111131","1","2","0",,,,,,,,,"4"
"A8WP6","2021-01-06T00:00:00","-23.50","-43.50",,,"1","4","0","0","6","3","1","0","100","4","67","98","2","2","10115","2","10","0","250","0","240","236","1","260","5",,"7","A","A","A","8","2",,,,"425","33","992","114","5","0",,"1","111111","111111111111A1","1","2",,,,,,,,,,"4"
"LAZV5","2021-01-06T00:00:00","-28.40","-44.10",,,"1","4","0","0","1","3","1","0","50","4","82","98","1","0","10157","6","5","0","255","0","245","241","3","240","2","2","5","5","A","A","5","1","9","8","2","425","84","992","114","5","0",,"1","111111","11111111111111","1","0",,,,,,,,,,"4"
"LAZV5","2021-01-06T01:00:00","-28.20","-43.90",,,"1","4","0","0","1","3","1","0","40","4","82","98","2","0","10162","3","5","0","255","0","245","241","3","240","2","2","5","5","A","A","5","1","9","8","2","425","83","992","114","5","0",,"1","111111","11111111111111","1","0",,,,,,,,,,"4"
"LAZV5","2021-01-06T02:00:00","-28.00","-43.70",,,"1","4","0","0","1","3","1","0","40","4","62","98","2","0","10162","1","5","0","255","0","245","241","3","260","2","2","5","5","A","A","5","1","9","8","2","425","83","992","114","5","0",,"1","111111","11111111111111","1","0",,,,,,,,,,"4"
"LAZV5","2021-01-06T03:00:00","-27.80","-43.60",,,"1","4","0","0","1","3","1","0","40","4","72","98","3","0","10162","4","0","0","255","0","245","241","3","260","3","3","5","5","A","A","5","1","9","8","2","425","73","992","114","5","0",,"1","111111","11111111111111","1","0",,,,,,,,,,"4"
"LAZV5","2021-01-06T04:00:00","-27.60","-43.40",,,"1","4","0","0","1","3","1","0","40","4","51","98","1","0","10157","7","5","0","250","0","245","243","3","240","2","2","1","1","A","A","4","1","13","8","3","425","73","992","114","5","0",,"1","111111","11111111111111","1","0",,,,,,,,,,"4"
"9V6142","2021-01-06T05:00:00","-25.70","-48.20",,,"1","4","0","0","0","0","1","0","50","3","51","96","80","8","10150",,,"0","240","0","230","226",,"250","8","8","7","2","A","A","5","2","38","6","2","425","58","992","114","5","0",,"1","111111","1111111111111A","1","6",,,,,,,,,,"4"
"LAZV5","2021-01-06T05:00:00","-27.40","-43.30",,,"1","4","0","0","1","3","1","0","40","4","51","98","1","0","10152","7","5","0","250","0","245","243","3","240","3","3","1","1","A","A","4","1","13","6","2","425","73","992","114","5","0",,"1","111111","11111111111111","1","0",,,,,,,,,,"4"
"LAZV5","2021-01-06T06:00:00","-27.20","-43.10",,,"1","4","0","0","1","3","1","0","50","4","51","98","3","2","10152","7","10","0","250","0","245","243","3","240","5","5","A","1","A","A","4","1","13","6","2","425","73","992","114","5","0",,"1","111111","11111111111111","1","2",,,,,,,,,,"4"
"LAZV5","2021-01-06T07:00:00","-27.00","-43.00",,,"1","4","0","0","1","3","1","0","40","4","51","98","2","2","10152","7","5","0","250","0","245","243","3","240","6","6","1","1","1","1","4","1","13","6","3","425","73","992","114","5","0",,"1","111111","11111111111111","1","2",,,,,,,,,,"4"
"LAZV5","2021-01-06T08:00:00","-26.80","-42.80",,,"1","4","0","0","1","3","1","0","30","4","46","98","0","0","10156","3","4","0","250","0","245","243","3","250","4","3","1","2","7","1","3","1","7","6","4","425","62","992","114","5","0",,"1","111111","11111111111111","1","0",,,,,,,,,,"4"
"LAZV5","2021-01-06T09:00:00","-26.60","-42.60",,,"1","4","0","0","1","3","1","0","30","4","46","98","0","0","10158","3","2","0","255","0","245","241","3","250","5","3","1","2","3","8","3","1","7","6","4","425","62","992","114","5","0",,"2","111111","11111111111111","1","0",,,,,,,,,,"4"
"LAZV5","2021-01-06T10:00:00","-26.40","-42.50",,,"1","4","0","0","1","3","1","0","10","4","51","98","3","0","10161","3","3","0","270","0","260","257","3","260","4","3","2","3","7","8","3","1","7","6","4","425","62","992","114","5","0",,"2","111111","11111111111111","1","0",,,,,,,,,,"4"
"LAZV5","2021-01-06T11:00:00","-26.30","-42.30",,,"1","4","0","0","1","3","1","0","20","4","87","99","3","0","10166","2","2","0","280","0","270","267","3","260","3","3","1","2","7","8","4","2","7","6","4","425","62","992","114","5","0",,"2","111111","11111111111111","1","0",,,,,,,,,,"4"
"LAZV5","2021-01-06T12:00:00","-26.10","-42.20",,,"1","4","0","0","1","3","1","0","40","4","67","98","3","2","10167","1","5","0","270","0","260","257","3","270","5","2","1","2","1","8","5","1","5","10","2","425","62","992","114","5","0",,"2","111111","11111111111111","1","1",,,,,,,,,,"4"
"LAZV5","2021-01-06T13:00:00","-25.90","-42.10",,,"1","4","0","0","1","3","1","0","20","4","72","98","2","2","10167","4","0","0","275","0","270","268","3","270","6","3","1","3","5","8","5","1","3","10","2","425","52","992","114","5","0",,"2","111111","11111111111111","1","2",,,,,,,,,,"4"
"LAZV5","2021-01-06T14:00:00","-25.70","-41.90",,,"1","4","0","0","1","3","1","0","10","4","67","98","2","2","10167","4","0","0","285","0","270","265","3","270","6","3","1","3","5","8","5","1","3","10","3","425","51","992","114","5","0",,"2","111111","11111111111111","1","2",,,,,,,,,,"4"
"LAZV5","2021-01-06T15:00:00","-25.50","-41.80",,,"1","4","0","0","1","3","1","0","20","4","77","98","2","2","10162","8","5","0","290","0","270","263","3","270","6","3","1","4","6","8","5","1","3","10","3","425","51","992","114","5","0",,"2","111111","11111111111111","1","2",,,,,,,,,,"4"
"VRYO7","2021-01-06T15:00:00","-25.50","-48.50",,,"1","4","0","0",,,"1","0","90","3","26","97",,"0","10080","4","0","3","300","0","250","230",,,"3","3","2","2","7","A",,,,,,"425","58","992","114","5","0",,"2","F11111","111A11111A1AA1","1","0",,,,,,,,,,"4"
"LAZV5","2021-01-06T16:00:00","-25.40","-41.60",,,"1","4","0","0","1","3","1","0","30","4","87","98","3","2","10157","7","10","0","290","0","270","263","3","260","7","7","A","1","A","8","3","0","13","6","2","425","51","992","114","5","0",,"2","111111","14111111111411","1","2",,,,,,,,,,"4"
"9V6142","2021-01-06T17:00:00","-25.50","-48.40",,,"1","4","0","0","6","1","1","0","50","3","26","97",,,"10120",,,"0","310","0","270","257",,,"5","5","4","3","4","A","5","0","0",,,"425","58","992","114","5","0",,"2","F31111","111AA1111A113A","3",,"0",,,,,,,,,"4"
"LAZV5","2021-01-06T17:00:00","-25.20","-41.50",,,"1","4","0","0","1","3","1","0","20","4","93","98","2","2","10152","7","15","0","290","0","275","270","3","260","7","7","A","1","A","8","4","0","13","6","3","425","51","992","114","5","0",,"2","111111","14111111111411","1","2",,,,,,,,,,"4"
"LAZV5","2021-01-06T18:00:00","-25.00","-41.30",,,"1","4","0","0","1","3","1","0","30","4","103","98","1","2","10147","7","15","0","280","0","270","267","3","260","5","5","A","1","A","8","4","1","13","6","3","425","51","992","114","5","0",,"2","111111","11111111111111","1","2",,,,,,,,,,"4"
"LAZV5","2021-01-06T19:00:00","-24.80","-41.20",,,"1","4","0","0","1","3","1","0","30","4","103","98","2","2","10137","7","20","0","275","0","265","262","3","260","5","5","1","1","A","8","4","1","13","6","2","425","41","992","114","5","0",,"2","111111","11111111111111","1","2",,,,,,,,,,"4"
"LAZV5","2021-01-06T20:00:00","-24.60","-41.00",,,"1","4","0","0","1","3","1","0","30","4","123","98","2","0","10136","6","5","0","275","0","270","268","3","260","3","1","A","5","A","2","5","3","13","7","4","425","41","992","114","5","0",,"2","111111","11111111111111","1","0",,,,,,,,,,"4"
"LAZV5","2021-01-06T21:00:00","-24.50","-40.90",,,"1","4","0","0","1","3","1","0","30","4","123","98","0","0","10141","5","3","0","280","0","270","267","3","270","4","1","1","2","A","4","4","4","3","6","5","425","40","992","114","5","0",,"2","111111","11111111111111","1","0",,,,,,,,,,"4"
"LAZV5","2021-01-06T23:00:00","-24.10","-40.60",,,"1","4","0","0","1","3","1","0","30","4","123","98","1","0","10151","3","5","0","270","0","260","257","3","270","4","2","1","3","6","8","4","5","4","6","5","425","40","992","114","5","0",,"1","111111","11111111111111","1","0",,,,,,,,,,"4"
"A8MH2","2021-01-07T00:00:00","-26.90","-48.50",,,"1","4","0","0","0","0","1","0","50","4","26","97","2","2","10100","0","10","0","270","0","270","270","3","250","5","5","2","5","4","0","12","2",,,,"425","68","992","114","5","1","2","1","111113","111111111111A1","1","2",,,,,,,,,,"4"
"LAZV5","2021-01-07T00:00:00","-23.90","-40.50",,,"1","4","0","0","1","3","1","0","40","4","113","98","1","0","10157","2","15","0","275","0","265","262","3","270","1","1","4","4","A","A","6","2","3","10","3","425","30","992","114","5","1","2","1","111111","11111111111111","1","0",,,,,,,,,,"4"
"LAZV5","2021-01-07T01:00:00","-23.80","-40.30",,,"1","4","0","0","1","3","1","0","30","4","108","98","0","0","10157","1","5","0","275","0","265","262","3","270","1","1","1","4","A","A","6","2","3","10","3","425","30","992","114","5","1","2","1","111111","11111111111111","1","0",,,,,,,,,,"4"
"LAZV5","2021-01-07T02:00:00","-23.60","-40.20",,,"1","4","0","0","1","3","1","0","30","4","129","98","0","0","10157","4","0","0","270","0","260","257","3","270","0","0","0","9","0","0","5","1","3","10","3","425","30","992","114","5","1","2","1","111111","14111111111411","1","0",,,,,,,,,,"4"
"VRMO3","2021-01-07T02:00:00","-23.70","-40.80",,,"1","4","0","0","5","3","1","0","90","4","118","98","1","0","10170","0","0","0","280","0","260","252","1","300","3","2","4","5","4","6","4","2","9","8","2","425","30","992","114","5","1","2","1","312111","11111111111111","1","0",,,,,,,,,,"4"
"VRMO3","2021-01-07T04:00:00","-23.90","-41.30",,,"1","4","0","0","5","3","1","0","30","4","98","98",,"1","10110","0","0","0","260","0","250","246","1","260","4","4","4","5","4","4","3","2","3","3","2","425","31","992","114","5","1","2","1","111111","111A1111111111","1","1",,,,"0","0","A","A","A","A","4"
"VRLI8","2021-01-07T06:00:00","-22.80","-41.40",,,"1","4","0","0","1","3","1","0","20","3","113","98","2","0","10134",,,"0","240","0","230","225",,"260","4",,"1","2","0","0","6","3","9","5","2","425","21","992","114","5","1","2","1","111111","1111111111111A","1","0",,,,,,,,,,"4"
"VRGM4","2021-01-07T09:00:00","-21.70","-40.10",,,"1","4","0","0","5","3","1","0","30","4","118",,,,"10110",,,"0","250","0","230","222","1","280",,,,"A",,,,,,,,"425","10","992","114","5","1","2","2","111111","11AAA111118AAA","1",,,,,,,,,,,"4"
"VRMO3","2021-01-07T09:00:00","-24.40","-42.30",,,"1","4","0","0","5","3","1","0","50","4","62","98",,"1","10100","0",,"0","260","0","240","231","1","280","4","4","4","5","4","A","8","4",,,,"425","42","992","114","5","1","2","2","111111","111A11111111A7","1","1",,,,,,,,,,"4"
"V7FJ8","2021-01-07T10:00:00","-20.30","-40.20",,,"1","4","0","0","0","0","1","0","50","3","67",,,"1","10120","4",,"3","270","0","250","240","1","300","7","7","5","7","3","1","2","1",,"2","1","425","0","992","114","5","1","2","2","311111","11AA1111111177","1","1",,"2","1",,,,,,,"4"
"VRGM4","2021-01-07T10:00:00","-21.90","-40.30",,,"1","4","0","0","5","3","1","0","20","4","113",,,,"10110",,,"0","250","0","230","222","1","280",,,,"A",,,,,,,,"425","10","992","114","5","1","2","2","111111","11AAA111118AAA","1",,,,,,,,,,,"4"
"VRGM4","2021-01-07T11:00:00","-22.00","-40.40",,,"1","4","0","0","5","3","1","0","30","4","108",,,,"10110",,,"0","250","0","230","222","1","280",,,,"A",,,,,,,,"425","20","992","114","5","1","2","2","111111","11AAA111118AAA","1",,,,,,,,,,,"4"
"VRGM4","2021-01-07T12:00:00","-22.20","-40.60",,,"1","4","0","0","5","3","1",,,,,,,,"10100",,,,,,,,,,,,,"A",,,,,,,,"425","20","992","114","5","0",,"2","FFFF1F","1AAAA1AAAA8AAA","1",,,,,,,,,,,"4"
"VRLI8","2021-01-07T12:00:00","-21.90","-40.30",,,"1","4","0","0","1","3","1","0","20","3","144","98","3",,"10135",,,"0","270","0","260","256",,"240","5","5","5","5","7","8","7","2",,,,"425","10","992","114","5","1","2","2","111211","1111A1111111AA","1",,,,,,,,,,,"4"
"VRGM4","2021-01-07T13:00:00","-22.50","-41.00",,,"1","4","0","0","5","3","1",,,,,,,,"10100",,,,,,,,,,,,,"A",,,,,,,,"425","21","992","114","5","0",,"2","FFFF1F","1AAAA1AAAA8AAA","1",,,,,,,,,,,"4"
"VRMO3","2021-01-07T13:00:00","-24.70","-43.40",,,"1","4","0","0","5","3","1","0","70","4","98","98","1","0","10110","4","0","0","270","0","260","256","1","280","3","2","0","9","0","5","2","1","8","8","3","425","43","992","114","5","1","2","2","111111","11111111111111","1","0",,,,,,,,,,"4"
"V7FJ8","2021-01-07T14:00:00","-20.30","-40.20",,,"1","4","0","0",,,"1","0","50","3","67","97",,"0","10110","4","0","3","280","0","260","250","1","300","2","2","1","7","3","1","2","2","5","2","2","425","0","992","114","5","1","2","2","311111","111A1111111111","1","0","5","2","2",,,,,,,"4"
"VRGM4","2021-01-07T15:00:00","-22.70","-41.20",,,"1","4","0","0","5","3","1",,,,,,,,"10100",,,"0","250","0","230","222","1","280",,,,"A",,,,,,,,"425","21","992","114","5","0",,"2","11FF11","1AAAA111118AAA","1",,,,,,,,,,,"4"
"VRYO7","2021-01-07T15:00:00","-25.00","-47.00",,,"1","4","0","0",,,"1","0","290","3","36","97",,"0","10090","4","0","3","280","0","260","250",,,"2","2","1","2","A","A","5","2","27",,,"425","57","992","114","5","1","2","2","F11111","111A11111A1171","1","0",,,,,,,,,,"4"
"VRGM4","2021-01-07T16:00:00","-22.90","-41.40",,,"1","4","0","0","5","3","1","0","30","4","87","98","2","1","10080","7","20","0","260","0","220","203","1","280","3","3","4","5","4","4","6","3","5","7","4","425","21","992","114","5","1","2","2","111111","11111111111111","1","1",,,,,,,,,,"4"
"VRGM4","2021-01-07T17:00:00","-23.00","-41.50",,,"1","4","0","0","5","3","1","0","50","4","82","98","2","1","10080","4","0","0","260","0","220","203","1","280","3","3","4","5","4","5","6","4","5","7","5","425","31","992","114","5","1","2","2","111111","11111111111111","1","1",,,,,,,,,,"4"
"VRGM4","2021-01-07T18:00:00","-23.20","-41.70",,,"1","4","0","0","5","3","1","0","50","4","67","98","2","1","10070","7","10","0","280","0","240","224","1","280","3","3","4","5","4","4","6","2","5","7","4","425","31","992","114","5","1","2","2","111111","11111111111111","1","1",,,,,,,,,,"4"
"CQIV3","2021-01-07T19:00:00","-27.50","-48.20",,,"1","4","0","0","8","3","1","0","140","4","36","97","5",,"10080","4","0","0","260","0","250","246","3","260","4","4","2","2","4","A","3","1","14","5","1","425","78","992","114","5","1","2","2","111111","1111A111111111","1",,,,,,,,,,,"4"
"VRGM4","2021-01-07T19:00:00","-23.30","-41.90",,,"1","4","0","0","6","3","1","0","40","4","67","98","2","1","10070","4","0","0","280","0","240","224","1","280","3","3","4","5","4","4","6","2","5","7","4","425","31","992","114","5","1","2","2","111111","11111111111111","1","1",,,,,,,,,,"4"
"VRGM4","2021-01-07T20:00:00","-23.30","-42.10",,,"1","4","0","0","5","3","1","0","50","4","77",,,,"10080",,,"0","270","0","240","228","1","280",,,,"A",,,,,,,,"425","32","992","114","5","1","2","2","111111","11AAA111118AAA","1",,,,,,,,,,,"4"
"VRGM4","2021-01-07T21:00:00","-23.40","-42.40",,,"1","4","0","0","5","3","1","0","40","4","82",,,,"10080",,,"0","270","0","240","228","1","280",,,,"A",,,,,,,,"425","32","992","114","5","1","2","2","111111","11AAA111118AAA","1",,,,,,,,,,,"4"
"V7FJ8","2021-01-07T22:00:00","-20.30","-40.20",,,"1","4","0","0","0","0","1","0","50","3","67",,,"1","10120","4",,"3","260","0","240","230","1","300","6","6","6","7","4","1","3","2",,"3","2","425","0","992","114","5","1","2","1","311111","11AA1111111177","1","1",,"3","2",,,,,,,"4"
"VRGM4","2021-01-07T22:00:00","-23.50","-42.60",,,"1","4","0","0","5","3","1","0","50","4","77",,,,"10080",,,"0","260","0","240","232","1","280",,,,"A",,,,,,,,"425","32","992","114","5","1","2","1","111111","11AAA111118AAA","1",,,,,,,,,,,"4"
"VRGM4","2021-01-07T23:00:00","-23.60","-42.90",,,"1","4","0","0","5","3","1","0","40","4","82",,,,"10080",,,"0","260","0","240","232","1","280",,,,"A",,,,,,,,"425","32","992","114","5","1","2","1","111111","11AAA111118AAA","1",,,,,,,,,,,"4"
"OXCQ2","2021-01-08T00:00:00","-27.40","-48.00",,,"1","4","0","0","1","3","1","0","270","3","36",,,,"10100",,,"0","250",,,,"1","280",,,,"A",,,,,,,,"425","78","992","114","5","1","2","1","11111F","11AAA11AA18AAA","1",,,,,,,,,,,"4"
"VRGM4","2021-01-08T00:00:00","-23.60","-43.10",,,"1","4","0","0","6","3","1",,,,,,,,"10090",,,,,,,,,,,,,"A",,,,,,,,"425","33","992","114","5","0",,"1","FFFF1F","1AAAA1AAAA8AAA","1",,,,,,,,,,,"4"
"VRGM4","2021-01-08T02:00:00","-25.80","-43.60",,,"1","4","0","0","6","3","1",,,,,,,,"10090",,,,,,,,,,,,,"A",,,,,,,,"425","53","992","114","5","0",,"1","FFFF1F","1AAAA1AAAA8AAA","1",,,,,,,,,,,"4"
"VRGM4","2021-01-08T03:00:00","-23.80","-43.80",,,"1","4","0","0","6","3","1",,,,,,,,"10090",,,,,,,,,,,,,"A",,,,,,,,"425","33","992","114","5","0",,"1","FFFF1F","1AAAA1AAAA8AAA","1",,,,,,,,,,,"4"
"VRGM4","2021-01-08T04:00:00","-23.90","-44.10",,,"1","4","0","0","6","3","1","0","320","4","72","97","3","1","10080","4","0","0","260","0","240","232","1","280","6","6","5","5","6","4","6","2","9","7","3","425","34","992","114","5","1","2","1","111111","11111111111111","1","1",,,,,,,,,,"4"
"VRGM4","2021-01-08T05:00:00","-24.00","-44.30",,,"1","4","0","0","6","3","1","0","340","4","77","97","2","1","10080","4","0","0","260","0","240","232","1","280","7","7","5","5","6","8","6","2","9","7","3","425","44","992","114","5","1","2","1","111111","11111111111111","1","1",,,,,,,,,,"4"
"VRGM4","2021-01-08T06:00:00","-24.10","-44.50",,,"1","4","0","0","6","3","1","0","340","4","46","97","2","1","10080","4","0","0","260","0","240","232","1","280","7","7","5","5","6","8","6","2","9","7","4","425","44","992","114","5","1","2","1","111111","11111111111111","1","1",,,,,,,,,,"4"
"VRGM4","2021-01-08T07:00:00","-24.10","-44.70",,,"1","4","0","0","6","3","1","0","310","4","62","97","2","1","10070","4","0","0","260","0","240","232","1","280","7","7","5","5","6","8","6","2","9","7","4","425","44","992","114","5","1","2","1","111111","11111111111111","1","1",,,,,,,,,,"4"
"V7FJ8","2021-01-08T11:00:00","-20.30","-40.20",,,"1","4","0","0","0","0","1","0","330","3","67",,,"1","10120","4",,"3","270","0","250","240","1","300","7","7","6","7","4","3","3","2",,"3","2","425","0","992","114","5","1","2","2","311111","11AA1111111177","1","1",,"3","2",,,,,,,"4"
"VRYO7","2021-01-08T12:00:00","-24.10","-46.20",,,"1","4","0","0",,,"1","0","240","3","77","97",,"2","10090","4","0","3","280","0","260","250",,,"6","6","6","2","3","A",,,,,,"425","46","992","114","5","1","2","2","F11111","111A11111A1AA1","1","2",,,,,,,,,,"4"
"V7FJ8","2021-01-08T13:00:00","-20.30","-40.20",,,"1","4","0","0",,,"1","0","50","3","67","97",,"0","10110","4","0","3","280","0","240","220","1","300","3","3","1","7","3","1","2","1","0","2","1","425","0","992","114","5","1","2","2","311111","111A1111111171","1","0","0","2","1",,,,,,,"4"
"VRJH6","2021-01-08T15:00:00","-24.50","-40.80",,,"1","4","0","0","6","4","1","0","20","4","123","98","3","1","10104","8","6","0","270","0","250","241","3","280","5","3","7","2","7","0","4","4","4","8","4","425","40","992","114","5","1","2","2","111111","11111111111111","1","1",,,,,,,,,,"4"
"VRJH6","2021-01-08T18:00:00","-24.20","-41.70",,,"1","4","0","0","7","4","1","0","20","4","57","97","5","2","10143","7","12","0","265","0","242","232","3","270","5","5","0","5","6","0","3","1","7","8","4","425","41","992","114","5","1","2","2","111111","11111111111111","1","2",,,,,,,,,,"4"
"VRYO7","2021-01-08T18:00:00","-24.10","-46.20",,,"1","4","0","0",,,"1","0","240","3","77","97",,"2","10090","4","0","3","280","0","260","250",,,"6","6","6","2","3","A",,,,,,"425","46","992","114","5","1","2","2","F11111","111A11111A1AA1","1","2",,,,,,,,,,"4"
"V7FJ8","2021-01-08T22:00:00","-20.30","-40.20",,,"1","4","0","0","0","0","1","0","50","3","67",,,"1","10120","4",,"3","270","0","250","240","1","300","7","7","1","7","3","5","2","1",,"2","1","425","0","992","114","5","1","2","1","311111","11AA1111111177","1","1",,"2","1",,,,,,,"4"
"VRJH6","2021-01-08T23:00:00","-23.70","-43.00",,,"1","4","0","0","6","4","1","0","260","4","26","98","3","2","10102","3","8","0","270","0","255","249","3","280","6","5","5","5","6","A","6","4",,,,"425","33","992","114","5","1","2","1","111111","111111111111A1","1","2",,,,,,,,,,"4"
"VRGM4","2021-01-09T04:00:00","-24.10","-46.20",,,"1","4","0","0","0","0","1","0","140","4","31","97","2","1","10100","4","0","0","270","0","240","228","1","270","5","5","5","5","6","4","6","1","38","7","4","425","46","992","114","5","1","2","1","111111","11111111111111","1","1",,,,,,,,,,"4"
"VRGM4","2021-01-09T05:00:00","-24.10","-46.20",,,"1","4","0","0","0","0","1","0","130","4","31","97","2","1","10100","4","0","0","270","0","240","228","1","270","6","6","5","5","6","4","6","1","38","7","2","425","46","992","114","5","1","2","1","111111","11111111111111","1","1",,,,,,,,,,"4"
"VRGM4","2021-01-09T06:00:00","-24.10","-46.20",,,"1","4","0","0","0","0","1","0","110","4","36","97","2","1","10080","7","20","0","270","0","240","228","1","270","6","6","5","5","6","4","6","1",,,,"425","46","992","114","5","1","2","1","111111","111111111111A1","1","1",,,,,,,,,,"4"
"CQIV3","2021-01-09T07:00:00","-24.90","-47.00",,,"1","4","0","0","1","3","1","0","130","4","31","97","2",,"10100","4","0","0","260","0","260","260","3","260","5",,,"A",,,"3","1",,,,"425","47","992","114","5","1","2","1","111113","1111A1111111A1","1",,,,,,,,,,,"4"
"VRGM4","2021-01-09T07:00:00","-24.10","-46.20",,,"1","4","0","0","0","0","1","0","100","4","41","97","2","2","10080","4","0","0","270","0","240","228","1","270","7","7","5","5","7","8","6","1",,,,"425","46","992","114","5","1","2","1","111111","111111111111A1","1","2",,,,,,,,,,"4"
"V7KD7","2021-01-09T08:00:00","-26.90","-46.50",,,"1","4","0","0","6","3","1","0","90","4","15","95",,,"10100",,,"0","300","0","270","258","1","270","5","5","4","5","6","3","1","3","1","1","3","425","66","992","114","5","1","2","1","111111","111AA11111111A","1",,,,,,,,,,,"4"
"V7FJ8","2021-01-09T10:00:00","-20.30","-40.20",,,"1","4","0","0","0","0","1","0","50","3","98",,,"1","10120","4",,"3","270","0","250","240","1","300","7","7","1","7","3","3","3","2",,"3","2","425","0","992","114","5","1","2","2","311111","11AA1111111177","1","1",,"3","2",,,,,,,"4"
"V7FJ8","2021-01-09T13:00:00","-20.30","-40.20",,,"1","4","0","0",,,"1","0","50","3","67","97",,"0","10100","4","0","3","280","0","260","250","1","300","2","2","1","7","3","1","3","2","5","3","2","425","0","992","114","5","1","2","2","311111","111A1111111111","1","0","5","3","2",,,,,,,"4"
"VRYO7","2021-01-09T13:00:00","-24.10","-46.20",,,"1","4","0","0",,,"1","0","140","3","51","97",,"2","10110","4","0","3","300","0","260","250",,,"5","5","2","2","4","A","5","1","14",,,"425","46","992","114","5","1","2","2","F11111","111A11111A1171","1","2",,,,,,,,,,"4"
"WDI3177","2021-01-09T19:00:00","-23.60","-40.20",,,"1","4","0","0","5","5","1",,,,,,,,"10113","6","6","0","300","0","262","248",,,,,,"A",,,,,,,,"425","30","992","114","5","0",,"2","F3FF11","1AAAA1111A8AA1","1",,,,,,,,,,,"4"
"WDI3177","2021-01-09T20:00:00","-23.90","-40.40",,,"1","4","0","0","5","4","1",,,,,,,,"10112","5","3","0","296","0","260","247",,,,,,"A",,,,,,,,"425","30","992","114","5","0",,"2","F1FF11","1AAAA1111A8AA1","1",,,,,,,,,,,"4"
"WDI3177","2021-01-10T03:00:00","-25.70","-41.90",,,"1","4","0","0",,,"1",,,,,,,,"10135","0","3","0","256","0","243","239",,,,,,"A",,,,,,,,"425","51","992","114","5","0",,"1","F1FF11","1AAAA1111A8AA1","1",,,,,,,,,,,"4"
"WDI3177","2021-01-10T04:00:00","-25.90","-42.10",,,"1","4","0","0",,,"1",,,,,,,,"10128","8","10","0","254","0","242","238",,,,,,"A",,,,,,,,"425","52","992","114","5","0",,"1","F1FF11","1AAAA1111A8AA1","1",,,,,,,,,,,"4"
"WDI3177","2021-01-10T05:00:00","-26.20","-42.30",,,"1","4","0","0",,,"1",,,,,,,,"10128","6","12","0","250","0","238","233",,,,,,"A",,,,,,,,"425","62","992","114","5","0",,"1","F1FF11","1AAAA1111A8AA1","1",,,,,,,,,,,"4"
"WDI3177","2021-01-10T06:00:00","-26.50","-42.50",,,"1","4","0","0","5","4","1",,,,,,,,"10128","5","5","0","248","0","233","227",,,,,,"A",,,,,,,,"425","62","992","114","5","0",,"1","F1FF11","1AAAA1111A8AA1","1",,,,,,,,,,,"4"
"WDI3177","2021-01-10T07:00:00","-26.70","-42.70",,,"1","4","0","0","5","4","1",,,,,,,,"10134","3","6","0","247","0","230","223",,,,,,"A",,,,,,,,"425","62","992","114","5","0",,"1","F1FF11","1AAAA1111A8AA1","1",,,,,,,,,,,"4"
"WDI3177","2021-01-10T08:00:00","-27.00","-42.90",,,"1","4","0","0","5","4","1",,,,,,,,"10133","0","6","0","247","0","228","220",,,,,,"A",,,,,,,,"425","72","992","114","5","0",,"1","F1FF11","1AAAA1111A8AA1","1",,,,,,,,,,,"4"
"WDI3177","2021-01-10T09:00:00","-27.20","-43.10",,,"1","4","0","0","5","4","1",,,,,,,,"10136","1","8","0","249","0","229","220",,,,,,"A",,,,,,,,"425","73","992","114","5","0",,"2","F1FF11","1AAAA1111A8AA1","1",,,,,,,,,,,"4"
"WDI3177","2021-01-10T10:00:00","-27.50","-43.30",,,"1","4","0","0","5","4","1",,,,,,,,"10147","3","15","0","252","0","228","217",,,,,,"A",,,,,,,,"425","73","992","114","5","0",,"2","F1FF11","1AAAA1111A8AA1","1",,,,,,,,,,,"4"
"WDI3177","2021-01-10T11:00:00","-27.70","-43.50",,,"1","4","0","0","5","4","1",,,,,,,,"10152","3","19","0","255","0","226","214",,,,,,"A",,,,,,,,"425","73","992","114","5","0",,"2","F1FF11","1AAAA1111A8AA1","1",,,,,,,,,,,"4"
"VRYO7","2021-01-10T12:00:00","-24.10","-46.20",,,"1","4","0","0",,,"1","0","110","3","51","97",,"0","10110","4","0","3","300","0","270","260",,,"3","3","2","1","A","A","5","1","14",,,"425","46","992","114","5","1","2","2","F11111","111A11111A1171","1","0",,,,,,,,,,"4"
"WDI3177","2021-01-10T12:00:00","-28.00","-43.70",,,"1","4","0","0","5","4","1",,,,,,,,"10152","1","15","0","250","0","226","216",,,,,,"A",,,,,,,,"425","83","992","114","5","0",,"2","F1FF11","1AAAA1111A8AA1","1",,,,,,,,,,,"4"
"WDI3177","2021-01-10T13:00:00","-28.20","-43.90",,,"1","4","0","0","5","4","1",,,,,,,,"10157","3","10","0","251","0","227","216",,,,,,"A",,,,,,,,"425","83","992","114","5","0",,"2","F1FF11","1AAAA1111A8AA1","1",,,,,,,,,,,"4"
"V7FJ8","2021-01-10T14:00:00","-20.30","-40.20",,,"1","4","0","0",,,"1","0","50","3","67","97",,"0","10100","4","0","3","280","0","240","220","1","300","2","2","1","5","3","1","2","2","5","2","2","425","0","992","114","5","1","2","2","311111","111A1111111111","1","0","5","2","2",,,,,,,"4"
"WDI3177","2021-01-10T14:00:00","-28.50","-44.10",,,"1","4","0","0","5","4","1",,,,,,,,"10162","3","12","0","257","0","230","218",,,,,,"A",,,,,,,,"425","84","992","114","5","0",,"2","F1FF11","1AAAA1111A8AA1","1",,,,,,,,,,,"4"
"WDI3177","2021-01-10T15:00:00","-28.70","-44.30",,,"1","4","0","0","5","4","1",,,,,,,,"10161","0","10","0","248","0","228","219",,,,,,"A",,,,,,,,"425","84","992","114","5","0",,"2","F1FF11","1AAAA1111A8AA1","1",,,,,,,,,,,"4"
"VRTA6","2021-01-10T16:00:00","-29.80","-43.60",,,"1","4","0","0","1","3","1","0","90","3","62","98",,"2","10130",,,"0","260","0","250","246",,"280","7","3","5","5","7","8","3","1","18","4","2","425","93","992","114","5","1","2","2","511111","111A111111111A","1","2",,,,,,,,,,"4"
"VRRQ8","2021-01-10T17:00:00","-25.60","-44.00",,,"1","4","0","0","7","4","1","0","70","3","77","98","2","2","10130",,,"0","290","0","260","248","1","270","7","4","A","5","6","5","6","2","7","8","2","425","54","992","114","5","1","2","2","111111","1111111111111A","1","2",,,,,,,,,,"4"
"VRTA6","2021-01-10T17:00:00","-29.70","-43.40",,,"1","4","0","0","1","3","1","0","80","3","82","98",,"2","10130",,,"0","260","0","240","232",,"280","7","3","5","4","7","8","3","1","18","4","2","425","93","992","114","5","1","2","2","511111","111A111111111A","1","2",,,,,,,,,,"4"
"VRYO7","2021-01-10T17:00:00","-24.10","-46.20",,,"1","4","0","0",,,"1","0","110","3","51","97",,"0","10110","4","0","3","300","0","270","260",,,"3","3","2","1","A","A","5","1","14",,,"425","46","992","114","5","1","2","2","F11111","111A11111A1171","1","0",,,,,,,,,,"4"
"WDI3177","2021-01-10T17:00:00","-29.20","-44.70",,,"1","4","0","0","5","4","1",,,,,,,,"10161","5","1","0","248","0","225","215",,,,,,"A",,,,,,,,"425","94","992","114","5","0",,"2","F1FF11","1AAAA1111A8AA1","1",,,,,,,,,,,"4"
"OXCQ2","2021-01-10T18:00:00","-26.00","-48.10",,,"1","4","0","0","1","2","1","0","100","3","62",,,,"10130",,,"0","290",,,,"1","300",,,,"A",,,,,,,,"425","68","992","114","5","1","2","2","31111F","11AAA11AA18AAA","1",,,,,,,,,,,"4"
"VRTA6","2021-01-10T18:00:00","-29.60","-43.10",,,"1","4","0","0","1","3","1","0","70","3","98","98",,"2","10130",,,"0","250","0","240","236",,"270","7","3","4","4","7","8","3","1","18","4","2","425","93","992","114","5","1","2","2","111111","111A111111111A","1","2",,,,,,,,,,"4"
"WDI3177","2021-01-10T18:00:00","-29.40","-44.90",,,"1","4","0","0","5","4","1",,,,,,,,"10159","5","3","0","248","0","225","215",,,,,,"A",,,,,,,,"425","94","992","114","5","0",,"2","F1FF11","1AAAA1111A8AA1","1",,,,,,,,,,,"4"
"WDI3177","2021-01-10T19:00:00","-29.70","-45.10",,,"1","4","0","0","5","4","1",,,,,,,,"10159","0","3","0","248","0","224","214",,,,,,"A",,,,,,,,"425","95","992","114","5","0",,"2","F1FF11","1AAAA1111A8AA1","1",,,,,,,,,,,"4"
"OXCQ2","2021-01-11T00:00:00","-25.40","-47.20",,,"1","4","0","0","1","2","1","0","50","3","87",,,,"10130",,,"0","260",,,,"1","290",,,,"A",,,,,,,,"425","57","992","114","5","1","2","1","11111F","11AAA11AA18AAA","1",,,,,,,,,,,"4"
"V7FJ8","2021-01-11T01:00:00","-20.30","-40.20",,,"1","4","0","0",,,"1","0","50","3","67","97",,"2","10110","4","0","3","270","0","250","240","1","300","8","8","1","7","3","1","2","2","5","2","2","425","0","992","114","5","1","2","1","311111","111A1111111111","1","1","5","2","2",,,,,,,"4"
"VRYO7","2021-01-11T03:00:00","-24.10","-46.20",,,"1","4","0","0",,,"1","0","110","3","103","97",,"2","10110","4","0","3","270","0","250","240",,,"8","8","6","2","2","A","5","1","11",,,"425","46","992","114","5","1","2","1","F11111","111A11111A1171","1","2",,,,,,,,,,"4"
"VRTA6","2021-01-11T04:00:00","-28.50","-41.10",,,"1","4","0","0","1","3","1","0","90","3","82","97",,"2","10130",,,"0","240","0","230","226",,"260","7","4","4","4","7","8","99",,,,,"425","81","992","114","5","1","2","1","111111","111A11111117AA","1","2",,,,,,,,,,"4"
"OXCQ2","2021-01-11T06:00:00","-24.50","-46.50",,,"1","4","0","0","8","3","1","0","80","3","123",,,,"10100",,,"0","250",,,,"1","280",,,,"A",,,,,,,,"425","46","992","114","5","1","2","1","11211F","11AAA11AA18AAA","1",,,,,,,,,,,"4"
"VRYO7","2021-01-11T06:00:00","-24.10","-46.20",,,"1","4","0","0",,,"1","0","110","3","103","97",,"2","10110","4","0","3","270","0","250","240",,,"8","8","6","2","2","A","5","1","11",,,"425","46","992","114","5","1","2","1","F11111","111A11111A1171","1","2",,,,,,,,,,"4"
"V7FJ8","2021-01-11T11:00:00","-20.30","-40.20",,,"1","4","0","0","0","0","1","0","361","3","67",,,"1","10120","4",,"3","280","0","260","250","1","300","7","7","5","7","3","3","1","2",,"1","2","425","0","992","114","5","1","2","2","311111","12AA1111111277","1","1",,"1","2",,,,,,,"4"
"VRMO3","2021-01-11T12:00:00","-25.40","-48.40",,,"1","4","0","0","0","0","1","0","140","4","41","98","3","2","10140","0","0","0","270","0","260","256","1","290","7","6","4","5","4","8","1","0","0",,,"425","58","992","114","5","1","2","2","111111","11111111111131","1","2","0",,,,,,,,,"4"
"VRYO7","2021-01-11T14:00:00","-24.10","-46.30",,,"1","4","0","0",,,"1","0","120","3","129","97",,"2","10110","4","0","3","300","0","270","260",,,"8","8","6","2","2","A","5","1","11",,,"425","46","992","114","5","1","2","2","F12111","111A11111A1171","1","2",,,,,,,,,,"4"
"V7FJ8","2021-01-12T00:00:00","-20.30","-40.20",,,"1","4","0","0",,,"1","0","50","3","67","97",,"1","10110","4","0","3","280","0","260","250","1","310","7","7","4","7","3","1","2","2","5","2","2","425","0","992","114","5","1","2","1","511111","111A1111111111","1","1","5","2","2",,,,,,,"4"
"V7FJ8","2021-01-12T01:00:00","-20.30","-40.20",,,"1","4","0","0",,,"1","0","50","3","67","97",,"1","10110","4","0","3","270","0","230","210","1","300","6","6","5","7","3","1","2","2","5","2","2","425","0","992","114","5","1","2","1","311111","111A1111111111","1","1","5","2","2",,,,,,,"4"
"CQIV3","2021-01-12T07:00:00","-22.50","-41.30",,,"1","4","0","0","1","3","1","0","50","4","62","97","1",,"10120","4","0","0","240",,,,"3","210","2",,,"A",,,"3","2",,,,"425","21","992","114","5","1","2","1","21111F","1111A11AA111A1","1",,,,,,,,,,,"4"
"DCPP2","2021-01-12T09:00:00","-21.70","-40.20",,,"1","4","0","0","5","5","1","0","30","4","82","98","3","1","10135","3","12","0","245","0","210","191","3","260","5","5","4","A","0","0",,"1","6","6","2","425","10","992","114","5","1","2","2","111111","11111111111311","1","1",,,,,,,,,,"4"
"V7FJ8","2021-01-12T10:00:00","-20.30","-40.20",,,"1","4","0","0","0","0","1","0","361","3","46",,,"1","10100","4",,"3","280","0","250","240","1","300","7","7","2","7","4","3","2","1",,"2","1","425","0","992","114","5","1","2","2","311111","12AA1111111277","1","1",,"2","1",,,,,,,"4"
"DCPP2","2021-01-12T13:00:00","-22.70","-41.30",,,"1","4","0","0","5","5","1","0","20","4","93","99","1",,"10137","0","1","0","259","0","232","219","3","220","1","1","1","4","0","8","3","1","6","6","2","425","21","992","114","5","1","2","2","111111","1111A111111111","1",,,,,,,,,,,"4"
"9V6142","2021-01-12T14:00:00","-25.70","-48.10",,,"1","4","0","0","0","0","1","0","362","3","0","97","18","1","10130","1","10","0","290","0","270","263",,"250","5","3","2","4","6","0","4","3","5","4","3","425","58","992","114","5","1","2","2","111111","12111111111111","1","1",,,,,,,,,,"4"
"VRKJ7","2021-01-12T14:00:00","-22.60","-41.30",,,"1","4","0","0","5","3","1","0","50","3","93","97","1","1","10134",,"0","0","270","0","230","210","1","230","3","3","1","5","4","1","4","3","14","9","2","425","21","992","114","5","1","2","2","111111","11111111111117","1","1",,,,,,,,,,"4"
"VRKJ7","2021-01-12T20:00:00","-23.30","-43.40",,,"1","4","0","0","5","3","1","0","60","3","77","98","3","0","10086","8","10","0","250","0","230","220","1","240","5","2","9","5","6","4","5","3","4","8","4","425","33","992","114","5","1","2","2","111111","11111111111111","1","0",,,,,,,,,,"4"
"V7FJ8","2021-01-12T22:00:00","-20.30","-40.20",,,"1","4","0","0","0","0","1","0","361","3","46",,,"1","10100","4",,"3","270","0","250","240","1","300","7","7","5","7","3","3","2","1",,"2","1","425","0","992","114","5","1","2","1","311111","12AA1111111277","1","1",,"2","1",,,,,,,"4"
"OXCQ2","2021-01-13T00:00:00","-24.20","-46.30",,,"1","4","0","0","3","2","1","0","90","3","21",,,,"10130",,,"0","270",,,,"1","290",,,,"A",,,,,,,,"425","46","992","114","5","1","2","1","11111F","11AAA11AA18AAA","1",,,,,,,,,,,"4"
"DCPP2","2021-01-13T01:00:00","-24.30","-45.60",,,"1","4","0","0","6","5","1","0","80","4","46","99","1","0","10117","2","20","0","252","0","223","208","3","260","1","1","9","A","0","A","99","1","11","6","2","425","45","992","114","5","1","2","1","111111","11111111111311","1","0",,,,,,,,,,"4"
"ELQQ4","2021-01-13T06:00:00","-23.00","-40.10",,,"1","4","0","0","5","4","1","0","50","3","36","98","2","0","10123","0",,"0","240","0","230","225","1","270","3","2","0","7","7","1","6","3",,,,"425","30","992","114","5","1","2","1","111111","111111111111A7","1","0",,,,,,,,,,"4"
"OXCQ2","2021-01-13T06:00:00","-23.90","-44.30",,,"1","4","0","0","2","4","1","0","80","3","93",,,,"10110",,,"0","240",,,,"1","280",,,,"A",,,,,,,,"425","34","992","114","5","1","2","1","11111F","11AAA11AA18AAA","1",,,,,,,,,,,"4"
"VRTG6","2021-01-13T10:00:00","-24.90","-44.50",,,"1","4","0","0","3","5","1","0","20","3","149","98",,,"10101","4","0","0","260","0","240","231","1","260","2","2","1","4","4","0","6","4","0",,,"425","44","992","114","5","1","2","2","111411","111AA111111131","1",,"0",,,,,,,,,"4"
"V7FJ8","2021-01-13T11:00:00","-20.30","-40.20",,,"1","4","0","0","0","0","1","0","361","3","46",,,"1","10120","4",,"3","280","0","250","240","1","300","6","6","2","7","2","5","2","1",,"2","1","425","0","992","114","5","1","2","2","311111","12AA1111111277","1","1",,"2","1",,,,,,,"4"
"ELQQ4","2021-01-13T12:00:00","-23.60","-41.70",,,"1","4","0","0","6","4","1","0","50","3","77","98","2","2","10137","0",,"0","280",,,,"1","280",,,"1","A","4","4",,,,,,"425","31","992","114","5","1","2","2","11111F","1111111AA18AA7","1","2",,,,,,,,,,"4"
"OXCQ2","2021-01-13T12:00:00","-23.30","-42.40",,,"1","4","0","0","2","4","1","0","50","3","103",,,,"10140",,,"0","250",,,,"1","240",,,,"A",,,,,,,,"425","32","992","114","5","1","2","2","11111F","11AAA11AA18AAA","1",,,,,,,,,,,"4"
"ELQQ4","2021-01-13T18:00:00","-23.80","-43.10",,,"1","4","0","0","6","2","1","0","110","3","87","99","1","0","10108","5",,"0","280","0","270","266","1","270","2","0","0","9","0","8","5","4","14","8","2","425","33","992","114","5","1","2","2","111111","11111111111117","1","0",,,,,,,,,,"4"
"ELQQ4","2021-01-14T00:00:00","-24.00","-43.90",,,"1","4","0","0","6","2","1","0","70","3","82","98","2","2","10125","0",,"0","250",,,,"1","270",,,"1","A","1","5",,,,,,"425","43","992","114","5","1","2","1","11111F","1111111AA18AA7","1","2",,,,,,,,,,"4"
"VRLI9","2021-01-14T13:00:00","-24.80","-43.40",,,"1","4","0","0","2","4","1","0","40","4","123","98","3","1","10170",,,"0","280","0","260","252","3","270","5","3","1","4","6","A","3","7","17","3","4","425","43","992","114","5","1","2","2","111111","1111111111111A","1","1",,,,,,,,,,"4"
"ELQQ4","2021-01-14T18:00:00","-24.20","-45.70",,,"1","4","0","0","6","3","1","0","60","3","82","98","2","1","10116","5",,"0","270","0","260","256","1","270","5","3","1","2","4","1","4","2","9","10","4","425","45","992","114","5","1","2","2","111111","11111111111117","1","1",,,,,,,,,,"4"
"DCPP2","2021-01-14T21:00:00","-26.60","-47.40",,,"1","4","0","0","4","4","1","0","140","4","103","97","3","2","10136","3","6","0","270","0","225","202","3","260","6","4","4","A","9","A",,"4","17","8","4","425","67","992","114","5","1","2","2","111111","11111111111311","1","2",,,,,,,,,,"4"
"ELQQ4","2021-01-15T06:00:00","-24.10","-46.10",,,"1","4","0","0","0","0","1","0","70","3","36","98","2","0","10112","5",,"0","240","0","240","240","1","270","3","2","1","0","0","0","4","2",,,,"425","46","992","114","5","1","2","1","111113","111111111111A7","1","0",,,,,,,,,,"4"
"DCPP2","2021-01-15T09:00:00","-30.00","-49.40",,,"1","4","0","0","5","4","1","0","80","4","118","97","3","6","10154","3","7","0","230","0","215","207","3","250","8","8","6","A","A","A",,"5","17","10","3","461","9","992","114","5","1","2","2","111111","11111111111311","1","2",,,,,,,,,,"4"
"V7FJ8","2021-01-15T15:00:00","-20.30","-40.20",,,"1","4","0","0",,,"1","0","50","3","46","97",,"1","10160","4","0","3","280","0","240","220","1","310","7","7","1","7","3","2","2","20","5","2","2","425","0","992","114","5","1","2","2","511111","141A1111111411","1","1","5","2","2",,,,,,,"4"
"A8ZV7","2021-01-15T21:00:00","-23.70","-43.90",,,"1","4","0","0","6","3","1","0","100","4","72","97","5","0","10105","5","11","0","278",,,"213",,,"2","2","8","5","A","A","7","2","17","9","3","425","33","992","114","5","1","2","2","F11111","1111111A1A1111","1","0",,,,,,,,,,"4"
"ELQQ4","2021-01-16T06:00:00","-24.10","-46.10",,,"1","4","0","0","0","0","1","0","110","3","36","98","2","0","10088","5",,"0","240","0","230","225","1","270","2","1","0","9","4","5","4","2",,,,"425","46","992","114","5","1","2","1","111111","111111111111A7","1","0",,,,,,,,,,"4"
"VRKJ7","2021-01-16T09:00:00","-25.70","-48.10",,,"1","4","0","0","0","0","1","0","330","3","26","97","0","8","10105","6","5","0","265","0","245","236","1","270","4","2","3","4","6","2","3","1","8","8","3","425","58","992","114","5","1","2","2","111111","11111111111111","1","1","5","11","1",,,,,,,"4"
"V7FJ8","2021-01-16T11:00:00","-20.30","-40.20",,,"1","4","0","0",,,"1","0","50","3","26","97",,"1","10140","4","0","3","280","0","240","220","1","310","6","6","5","7","2","1","2","2","5","2","2","425","0","992","114","5","1","2","2","511111","111A1111111111","1","1","5","2","2",,,,,,,"4"
"VRGM4","2021-01-16T16:00:00","-25.90","-46.90",,,"1","4","0","0","4","3","1","0","40","4","62","98","2","1","10070","7","30","0","340","0","280","261","1","290","3","3","4","5","4","5","6","2","9","7","6","425","56","992","114","5","1","2","2","151111","11111166611111","1","1",,,,,,,,,,"4"
"9V6142","2021-01-16T17:00:00","-25.60","-48.20",,,"1","4","0","0","0","0","1","0","50","3","103","97",,,"10130",,,"0","300","0","260","246",,,"5","5","1","3","8","4","5","2","9","6","2","425","58","992","114","5","1","2","2","F11111","111AA1111A111A","3",,,,,,,,,,,"4"
"VRGM4","2021-01-16T17:00:00","-26.20","-47.00",,,"1","4","0","0","4","3","1","0","40","4","77","98","2","1","10070","4","0","0",,"0","280","261","1","290","3","3","4","5","4","5","6","3","9","7","6","425","67","992","114","5","1","2","2","371111","11111166611111","1","1",,,,,,,,,,"4"
"VRGM4","2021-01-16T18:00:00","-26.40","-47.10",,,"1","4","0","0","4","3","1","0","40","4","103","98","2","1","10050","7","20","0",,"0","280","261","1","290","3","3","4","5","4","5","6","4","9","7","6","425","67","992","114","5","1","2","2","371111","11111166611111","1","1",,,,,,,,,,"4"
"VRGM4","2021-01-16T19:00:00","-26.60","-47.20",,,"1","4","0","0","4","3","1","0","30","4","87","98","2","1","10050","4","0","0",,"0","280","261","1","290","3","3","4","5","4","5","6","2","9","7","6","425","67","992","114","5","1","2","2","371111","11111166611111","1","1",,,,,,,,,,"4"
"VRJH6","2021-01-16T22:00:00","-28.20","-48.40",,,"1","4","0","0","4","4","1","0","30","4","98","98","0","2","10060","5","3","0","260","0","250","246","3","260","6","5","5","5","6","A","6","3",,,,"425","88","992","114","5","1","2","2","111111","111111111111A1","1","2",,,,,,,,,,"4"
"VRGM4","2021-01-17T04:00:00","-28.70","-48.10",,,"1","4","0","0","4","3","1","0","10","4","72","97","3","6","10050","4","0","0","260","0","250","246","1","290","8","8","8","5","7","8","6","2","9","7","6","425","88","992","114","5","1","2","1","511111","11111111111111","1","0",,,,,,,,,,"4"
"VRGM4","2021-01-17T05:00:00","-28.90","-48.20",,,"1","4","0","0","5","3","1","0","30","4","87","97","2","6","10050","4","0","0","260","0","250","246","1","290","8","8","7","2","7","8","6","3","5","7","6","425","88","992","114","5","1","2","1","511111","11111111111111","1","0",,,,,,,,,,"4"
"9V6142","2021-01-17T06:00:00","-25.60","-48.20",,,"1","4","0","0","0","0","1","0","10","3","51","97",,,"10120",,,"0","260","0","240","232",,,"7","7","6","3","A","A","4","2","38","6","3","425","58","992","114","5","1","2","1","F11111","111AA1111A111A","3",,,,,,,,,,,"4"
"VRGM4","2021-01-17T06:00:00","-29.10","-48.30",,,"1","4","0","0","5","3","1","0","20","4","103","97","2","6","10030","7","20","0","260","0","250","246","1","290","8","8","7","2","7","8","6","3","5","7","6","425","98","992","114","5","1","2","1","511111","11111111111111","1","0",,,,,,,,,,"4"
"VRGM4","2021-01-17T07:00:00","-29.30","-48.50",,,"1","4","0","0","5","3","1","0","10","4","123","97","2","6","10030","4","0","0","260","0","250","246","1","290","8","8","7","2","7","8","6","2","5","7","6","425","98","992","114","5","1","2","1","511111","11111111111111","1","0",,,,,,,,,,"4"
"C6RZ7","2021-01-17T10:00:00","-28.40","-48.50",,,"1","4","0","0","1","3","1","0","60","4","123","97","2","2","10050","4","0","0","252","0","243","239","3","203","6","4","7","5","1","8","5","2","6","7","3","425","88","992","114","5","1","2","2","211111","11111111111111","1","2",,,,,,,,,,"4"
"9V6142","2021-01-17T12:00:00","-25.60","-48.20",,,"1","4","0","0","0","0","1","0","50","3","41","97","18","2","10090","1","10","0","260","0","240","232",,"240","6","5","6","4","7","0","3","2","10","3","2","425","58","992","114","5","1","2","2","111111","11111111111111","1","2",,,,,,,,,,"4"
"V7FJ8","2021-01-17T12:00:00","-20.30","-40.20",,,"1","4","0","0",,,"1","0","50","3","26","97",,"1","10160","4","0","3","280","0","240","220","1","300","6","6","6","7","2","2","3","2","5","3","2","425","0","992","114","5","1","2","2","311111","111A1111111111","1","1","5","3","2",,,,,,,"4"
"C6RZ7","2021-01-17T13:00:00","-27.90","-48.30",,,"1","4","0","0","1","3","1","0","50","4","113","98","1","1","10058","0",,"0","261","0","252","248","3","254","4","4","5","5","4","4","1","1",,,,"425","78","992","114","5","1","2","2","111111","141111111114A7","1","1",,,,,,,,,,"4"
"VRJC9","2021-01-17T18:00:00","-24.20","-46.10",,,"1","4","0","0","6","3","1","0","90","3","57","98","2","1","10062","8","23","0","275","0","250","241","3","290","4","4","5","A","6","3","3","2","8","12","2","425","46","992","114","5","1","2","2","111111","11111111111111","1","1",,,,,,,,,,"4"
"VRKJ7","2021-01-17T20:00:00","-25.80","-48.30",,,"1","4","0","0","4","3","1","0","20","3","82","98","3","6","10033","5","5","0","290","0","260","248","1","270","8","5","5","6","6","8","3","1","8","8","3","425","58","992","114","5","1","2","2","111111","11111111111111","1","2",,,,,,,,,,"4"
"9V6142","2021-01-18T06:00:00","-25.50","-48.30",,,"1","4","0","0","0","0","1","0","360","3","26","96",,"8","10110",,,"0","260","0","250","246",,,"4","4","6","2","0","0","5","0","0",,,"425","58","992","114","5","1","2","1","F11111","111A11111A113A","1","6","0",,,,,,,,,"4"
"C6RZ7","2021-01-18T07:00:00","-24.60","-46.60",,,"1","4","0","0","1","3","1","0","20","4","41","98","0","0","10098","2","20","0","290","0","280","276","3","280","3","1","1","5","6","2","9","2",,,,"425","46","992","114","5","1","2","1","111111","111111111111A1","1","0",,,,,,,,,,"4"
"V7FJ8","2021-01-18T11:00:00","-20.30","-40.20",,,"1","4","0","0",,,"1","0","50","3","26","97",,"0","10160","4","0","3","280","0","240","220","1","310","2","2","1","7","3","3","3","2","0","3","2","425","0","992","114","5","1","2","2","511111","111A1111111171","1","0","0","3","2",,,,,,,"4"
"VRYO7","2021-01-18T12:00:00","-23.80","-43.60",,,"1","4","0","0",,,"1","0","70","3","108","97",,"0","10110","2","10","3","230","0","200","190",,,"3","3","6","2","3","A","10","3","7",,,"425","33","992","114","5","1","2","2","F11111","111A11111A1171","1","0",,,,,,,,,,"4"
"9V6142","2021-01-18T14:00:00","-25.50","-48.30",,,"1","4","0","0","0","0","1","0","160","3","93","97","21","6","10120","2","20","0","280","0","260","253",,"250","7",,"7","3","0","0","1","1",,,,"425","58","992","114","5","1","2","2","111111","111111111111A1","1","6",,,,,,,,,,"4"
"VRKJ7","2021-01-19T09:00:00","-26.50","-48.30",,,"1","4","0","0","1","3","1","0","160","3","108","97","21","8","10163","2","10","0","215","0","205","200","1","250","8","7","7","3","1","A","3","1","8","9","3","425","68","992","114","5","1","2","2","111111","11111111111111","1","6","14","10","2",,,,,,,"4"
"VRBI2","2021-01-20T08:00:00","-28.70","-47.50",,,"1","4","0","0","4","4","1","0","200","4","51","92",,"1","10110",,,"0",,"0","130","113",,,"3","2","2","3","9","2","4","3",,,,"425","87","992","114","5","1","2","1","F61111","111A11666A11AA","1","1",,,,,,,,,,"4"
"A8HY8","2021-01-20T09:00:00","-22.60","-41.40",,,"1","4","0","0","1","3","1","0","90","3","77","98","1",,"10148","2","13","0","222","0","214","210","1","202","2","2","0","9","0","1",,,,,,"425","21","992","114","5","1","2","2","411111","1111A111111AA1","1",,,,,,,,,,,"4"
"A8WP6","2021-01-20T09:00:00","-23.80","-44.50",,,"1","4","0","0","2","3","1","0","50","4","36","98","2","2","10138","2","13","0","238","0","235","234","1","197","8","8","7","2","A","A","99","1",,,,"425","34","992","114","5","1","2","2","211113","111111111113A1","1","2",,,,,,,,,,"4"
"MASKSTID","2021-01-20T10:00:00","-23.70","-44.40",,,"1","4",,"0","2","3","2","0","10","4","26","98","1","2","10138","2","12",,"240","0","234","231","1","211","7","7","7","3","0","0",,"0",,,,"425","34","792","103","5","1","2","2","111111","111111111113A1","1","2",,,,,,,,,,"4"
"MASKSTID","2021-01-20T11:00:00","-23.70","-44.20",,,"1","4",,"0","2","2","2","0","290","4","21","98","1","1","10144","2","15",,"248","0","238","233","1","214","4","2","1","3","0","1",,"0",,,,"425","34","792","103","5","1","2","2","111111","111111111113A1","1","1",,,,,,,,,,"4"
"ELQQ4","2021-01-20T12:00:00","-23.80","-43.10",,,"1","4","0","0","2","3","1","0","80","3","93","98","2","2","10141","0",,"0","260",,,,"1","260",,,"1","A","4","4",,,,,,"425","33","992","114","5","1","2","2","11111F","1111111AA18AA7","1","2",,,,,,,,,,"4"
"A8HY8","2021-01-20T13:00:00","-22.00","-40.60",,,"1","4","0","0","1","3","1","0","360","3","129","98","2","2","10162",,"5","0","240","0","220","210","1","230","5",,"5","A","0","0","10","1",,,,"425","20","992","114","5","1","2","2","111111","141111111114A7","1","2",,,,,,,,,,"4"
"D5WI8","2021-01-20T15:00:00","-29.70","-48.60",,,"1","4","0","0","1","3","1","0","90","3","41","97","2","2","10018","0","20","0","230","0",,,"1","190","8","8","0","8","7","0","3","8","18","1","1","425","98","992","114","5","1","2","2","411111","11111118811111","1","5",,,,,,,,,,"4"
"ELQQ4","2021-01-20T18:00:00","-23.60","-41.40",,,"1","4","0","0","2","4","1","0","60","3","87","98","2","1","10132","5",,"0","260","0","250","246","1","260","1","0","0","9","0","1","7","3",,,,"425","31","992","114","5","1","2","2","111111","111111111111A7","1","1",,,,,,,,,,"4"
"A8WP6","2021-01-20T20:00:00","-23.20","-42.60",,,"1","4","0","0","2","2","1","0","70","4","123","98","2","0","10112","7","12","0","230","0","211","201","1",,"1","0","0","9","0","8","4","3",,,,"425","32","992","114","5","1","2","2","611111","111111111611A1","1","0",,,,,,,,,,"4"
"A8WP6","2021-01-20T21:00:00","-23.20","-42.50",,,"1","4","0","0","2","2","1","0","60","4","108","98","2","0","10123","2","5","0","220","0","210","205","1",,"1","1","0","9","8","1","4","3",,,,"425","32","992","114","5","1","2","2","611111","111111111611A1","1","0",,,,,,,,,,"4"
"A8WP6","2021-01-21T00:00:00","-23.10","-42.00",,,"1","4","0","0","2","2","1","0","20","4","67","98","2","0","10137","2","17","0","200","0","200","200","1","210","2",,"A","A","A","0","8","2",,,,"425","32","992","114","5","1","2","1","121113","111111111111A1","1","0",,,,,,,,,,"4"
"ELQQ4","2021-01-21T00:00:00","-23.00","-40.10",,,"1","4","0","0","1","3","1","0","80","3","93","97","2","2","10152","0",,"0","250",,,,"1","270",,,"4","A","4","4",,,,,,"425","30","992","114","5","1","2","1","11111F","1111111AA18AA7","1","2",,,,,,,,,,"4"
"D5WI8","2021-01-21T03:00:00","-27.30","-48.10",,,"1","4","0","0","1","3","1","0","90","3","41","97","2","2","10018","0","20","0","230","0",,,"1","190","8","8","0","8","7","0","3","8","18","1","1","425","78","992","114","5","1","2","1","411111","11111118811111","1","5",,,,,,,,,,"4"
"A8WP6","2021-01-21T04:00:00","-22.60","-41.40",,,"1","4","0","0","1","2","1","0","90","4","82","97","2","0","10138","7","7","0","220","0","220","220",,,"3",,,"A",,,"4","1","18","9","2","425","21","992","114","5","1","2","1","F11113","111111111A1111","1","0",,,,,,,,,,"4"
"A8WP6","2021-01-21T07:00:00","-22.40","-41.00",,,"1","4","0","0","1","2","1","0","10","4","51","98","2","0","10141","2","3","0","215","0","215","215","1",,"1",,,"A",,,,,,,,"425","21","992","114","5","1","2","1","611113","11111111111AA1","1","0",,,,,,,,,,"4"
"A8WP6","2021-01-21T08:00:00","-22.30","-40.80",,,"1","4","0","0","1","3","1","0","20","4","62","98","2","0","10147","2","9","0","220","0","219","219","1","189","1","1","8","5","0","0","99","1",,,,"425","20","992","114","5","1","2","1","411113","111111111113A1","1","0",,,,,,,,,,"4"
"A8WP6","2021-01-21T09:00:00","-22.20","-40.70",,,"1","4","0","0","1","3","1","0","340","4","62","98","2","0","10156","2","17","0","230","0","225","223","1",,"1","1","2","2","0","0","4","1",,,,"425","20","992","114","5","1","2","2","611111","111111111111A1","1","0",,,,,,,,,,"4"
"A8WP6","2021-01-21T10:00:00","-22.10","-40.60",,,"1","4","0","0","1","2","1","0","350","4","51","98","2","0","10160","2","19","0","235","0","230","228","1",,"1","1","2","2","0","0","3","1",,,,"425","20","992","114","5","1","2","2","611111","111111111111A1","1","0",,,,,,,,,,"4"
"VRMO3","2021-01-21T12:00:00","-26.70","-48.00",,,"1","4","0","0","4","3","1","0","140","4","57","98","2","1","10170","0","0","0","250","0","240","235","1","280","8","7","7","2","7","A","4","2","9","7","3","425","68","992","114","5","1","2","2","111111","11111111111111","1","1",,,,,,,,,,"4"
"VRJC9","2021-01-21T19:00:00","-26.80","-48.50",,,"1","4","0","0","0","0","1","0","180","3","82",,"2","6","10177","0","3","0","230","0","220","216","3","270","8",,"6","2","2","A","4","2","17","12","2","425","68","992","114","5","1","2","2","111111","11A11111111111","1","2",,,,,,,,,,"4"
"VRMO3","2021-01-22T02:00:00","-29.30","-48.90",,,"1","4","0","0","4","3","1","0","90","4","57","97","63","1","10210","0","0","0","230","0","220","215","1","280","8","7","7","2","7","8","3","2","8","7","3","425","98","992","114","5","1","2","1","311111","11131111111111","1","1",,,,,,,,,,"4"
"VRMO3","2021-01-22T03:00:00","-29.50","-49.10",,,"1","4","0","0","5","3","1","0","100","4","57","97",,"0","10190","0","10","0","230","0","220","215","1","290","8","8","8","8","2","2","3","3","9","2","4","425","99","992","114","5","1","2","1","511111","111A1111111111","1","0",,,,"0","0","A","A","A","A","4"
"C6RZ7","2021-01-22T12:00:00","-22.60","-41.20",,,"1","4","0","0","1","3","1","0","90","4","67","98","1","0","10197",,"1","0","260","0","250","246","3","227","1","1","2","1","0","0","2","1","0",,,"425","21","992","114","5","1","2","2","111111","11111111111137","1","0","0",,,,,,,,,"4"
"VRJH6","2021-01-22T22:00:00","-29.20","-48.90",,,"1","4","0","0","1","3","1","0","230","4","77","98",,"2","10199","6","7","0","245","0","230","223","3","260","7","7","3","5","6","A","3","3",,,,"425","98","992","114","5","1","2","2","111111","111A11111111A1","1","2",,,,,,,,,,"4"
"V7KD7","2021-01-23T18:00:00","-26.80","-41.70",,,"1","4","0","0","6","3","1","0","70","4","41","97","2","0","10260",,"10","0","290","0","240","216","1","260","6","6","5","5","6","4","2","4","38","2","3","425","61","992","114","5","1","2","2","131151","11111111111117","1","0",,,,,,,,,,"4"
"V7KD7","2021-01-23T19:00:00","-26.80","-41.90",,,"1","4","0","0","6","3","1","0","70","4","67","97","3","0","10210",,"10","0","300","0","250","227","1","260","5","5","5","5","6","4","2","3","38","2","4","425","61","992","114","5","1","2","2","151111","11111111111117","1","0",,,,,,,,,,"4"
"V7KD7","2021-01-24T05:00:00","-26.30","-44.40",,,"1","4","0","0","6","3","1","0","60","4","118","97","2","1","10180",,"10","0","260","0","250","246","1","260","8","8","8","5","7","8","1","3","38","1","3","425","64","992","114","5","1","2","1","111111","11111111111117","1","1",,,,,,,,,,"4"
"V7KD7","2021-01-24T06:00:00","-26.30","-44.60",,,"1","4","0","0","6","3","1","0","60","4","113","97","2","1","10170","0","0","0","260","0","230","215","1","290",,,"5","A","7","3","1","3","38","1","3","425","64","992","114","5","1","2","1","511111","11111111118111","1","1",,,,,,,,,,"4"
"V7KD7","2021-01-24T07:00:00","-26.30","-44.90",,,"1","4","0","0","6","3","1","0","50","4","129","97","2","1","10160",,"10","0","260","0","230","215","1","290",,,"5","A","6","3","1","3","38","1","3","425","64","992","114","5","1","2","1","511111","11111111118117","1","1",,,,,,,,,,"4"
"V7KD7","2021-01-24T14:00:00","-26.00","-46.60",,,"1","4","0","0","6","3","1","0","60","4","26","97",,,"10170",,,"0","270","0","260","256","1","260","8","8","A","5","A","A","5","3","14","7","3","425","66","992","114","5","1","2","2","111111","111AA11111111A","1",,,,,,,,,,,"4"
"D5WI8","2021-01-24T15:00:00","-25.50","-48.40",,,"1","4","0","0","0","0","1","0","10","3","21","97","2","2","10017","0","20","0","260","0",,,"1","220","7","8","0","8","7","0","3","8","18","1","1","425","58","992","114","5","1","2","2","111111","11111118813111","1","5",,,,,,,,,,"4"
"V7KD7","2021-01-24T17:00:00","-25.80","-47.30",,,"1","4","0","0","6","3","1","0","70","4","21","97","2","6","10170",,"20","0","270","0","260","256","1","260","8","8","7","2","7","8","2","3","38","2","3","425","57","992","114","5","1","2","2","111111","11111111111117","1","2",,,,,,,,,,"4"
"V7KD7","2021-01-24T18:00:00","-25.80","-47.40",,,"1","4","0","0","6","3","1","0","120","4","67","97","3","2","10150",,"10","0","270","0","260","256","1","260","8","8","7","2","7","8","2","3","38","2","3","425","57","992","114","5","1","2","2","111111","11111111111117","1","2",,,,,,,,,,"4"
"V7KD7","2021-01-24T19:00:00","-25.70","-47.80",,,"1","4","0","0","6","3","1","0","50","4","26","97","2","2","10150",,"10","0","260","0","250","246","1","260","8","8","7","2","7","8","2","3","38","2","3","425","57","992","114","5","1","2","2","111111","11111111111117","1","2",,,,,,,,,,"4"
"VRUZ9","2021-01-25T02:00:00","-29.80","-47.80",,,"1","4","0","0","1","2","1","0","30","4","26","97","3","2","10144","2","10","0","240","0","220","210","1","250","8","8","5","7","3","9","3","4","36","5","8","425","97","992","114","5","1","2","1","111111","11111111111111","1","2",,,,,,,,,,"4"
"D5WI8","2021-01-25T03:00:00","-25.50","-48.40",,,"1","4","0","0","0","0","1","0","10","3","21","97","2","2","10018","0","20","0","250","0",,,"1","230","7","8","0","8","7","0","3","8","18","1","1","425","58","992","114","5","1","2","1","111111","11111118813111","1","5",,,,,,,,,,"4"
"VRGM4","2021-01-25T04:00:00","-28.90","-46.50",,,"1","4","0","0","1","3","1","0","40","4","51","98","3","5","10130","7","10","0","250","0","230","222","1","250","8","8","7","2","7","8","6","2","9","7","4","425","86","992","114","5","1","2","1","111111","11111111111111","1","0",,,,,,,,,,"4"
"VRGM4","2021-01-25T05:00:00","-28.80","-46.30",,,"1","4","0","0","1","3","1","0","40","4","72","98","2","5","10130","4","0","0","250","0","230","222","1","250","8","8","7","2","7","8","6","4","9","7","6","425","86","992","114","5","1","2","1","111111","11111111111111","1","0",,,,,,,,,,"4"
"VRGM4","2021-01-25T06:00:00","-28.70","-46.20",,,"1","4","0","0","1","3","1","0","40","4","93","98","2","5","10120","7","10","0","250","0","230","222","1","250","8","8","7","2","7","8","6","4","9","7","6","425","86","992","114","5","1","2","1","111111","11111111111111","1","0",,,,,,,,,,"4"
"VRGM4","2021-01-25T07:00:00","-28.60","-46.10",,,"1","4","0","0","1","3","1","0","50","4","77","98","2","0","10120","4","0","0","250","0","230","222","1","250","8","8","7","2","7","8","6","4","9","7","6","425","86","992","114","5","1","2","1","111111","11111111111111","1","0",,,,,,,,,,"4"
"D5LW3","2021-01-25T12:00:00","-22.20","-40.60",,,"1","4","0","0","5","4","1","0","50","3","77","98","3","2","10160","1","10","0","270","0","240","226",,"250","5","5","4","3","4","2","12","2",,,,"425","20","992","114","5","1","2","2","111111","111111111111A1","1","2",,,,,,,,,,"4"
"D5WI8","2021-01-25T15:00:00","-25.50","-48.40",,,"1","4","0","0","0","0","1","0","10","3","21","98","2","2","10014","0","20","0","240","0",,,"1","230","7","8","0","8","7","0","3","8","18","1","1","425","58","992","114","5","1","2","2","111111","11111118813111","1","5",,,,,,,,,,"4"
"VRGM4","2021-01-25T16:00:00","-27.40","-44.50",,,"1","4","0","0","1","3","1","0","50","4","93","98","2","1","10120","7","20","0","280","0","240","224","1","250","4","4","5","5","6","4","6","4","9","7","6","425","74","992","114","5","1","2","2","111111","11111111111111","1","1",,,,,,,,,,"4"
"VRGM4","2021-01-25T17:00:00","-27.30","-44.30",,,"1","4","0","0","1","3","1","0","50","4","82","98","2","1","10120","4","0","0","280","0","240","224","1","250","4","4","5","5","6","4","6","4","9","7","6","425","74","992","114","5","1","2","2","111111","11111111111111","1","1",,,,,,,,,,"4"
"D5LW3","2021-01-25T18:00:00","-23.10","-42.10",,,"1","4","0","0","6","4","1","0","50","3","93","98",,,"10120","2",,"0","270",,,,,"225","3","3","1","5","4","5","10","3",,,,"425","32","992","114","5","1","2","2","11111F","111AA11AA111A7","1",,,,,,,,,,,"4"
"TBWUK75","2021-01-25T19:00:00","-29.90","-50.00",,,"1","4","0","0","1","1","1","0","20","4","103","98",,"1","10080","8","16","0","280",,,"128","3","200","6",,"7","5","A","A","5","3","28","5","3","424","90","992","114","5","1","2","2","211112","111A111A111111","1","1",,,,,,,,,,"4"
"VRGM4","2021-01-25T21:00:00","-26.80","-43.40",,,"1","4","0","0","1","3","1","0","40","4","93",,,,"10120",,"0","0","270","0","240","228","1","260",,,,"A",,,,,,,,"425","63","992","114","5","1","2","2","111111","11AAA111118AA7","1",,,,,,,,,,,"4"
"VRGM4","2021-01-25T23:00:00","-26.50","-43.30",,,"1","4","0","0","1","3","1","0","50","4","98",,,,"10120","4","0","0","270","0","240","228","1","260",,,"8","A","1","7",,,,,,"425","63","992","114","5","1","2","1","111111","11AAA111118AA1","1",,,,,,,,,,,"4"
"D5LW3","2021-01-26T00:00:00","-23.60","-43.70",,,"1","4","0","0","6","3","1","0","70","3","77","98","3","2","10120","1","10","0","240","0","210","194",,"220","5","5","4","4","6","2","12","2","14","10","2","425","33","992","114","5","1","2","1","111111","11111111111111","1","2",,,,,,,,,,"4"
"VRGM4","2021-01-26T00:00:00","-26.50","-43.30",,,"1","4","0","0","1","3","1","0","50","4","103",,,,"10120","4","0","0","270","0","240","228","1","260",,,"7","A","7","A",,,,,,"425","63","992","114","5","1","2","1","111111","11AAA111118AA1","1",,,,,,,,,,,"4"
"VRGM4","2021-01-26T03:00:00","-26.00","-42.60",,,"1","4","0","0","1","3","1","0","40","4","98","98","2","1","10120","7","10","0","270","0","240","228","1","260","4","4","5","5","6","8","6","4","8","7","6","425","62","992","114","5","1","2","1","111111","11111111111111","1","1",,,,,,,,,,"4"
"VRUZ9","2021-01-26T03:00:00","-26.40","-44.60",,,"1","4","0","0","1","2","1","0","40","4","31","97","3","1","10134","4","0","0","250","0","230","220","1","240","5","5","0","8","7","6","4","4","7","3","4","425","64","992","114","5","1","2","1","111111","11111111111111","1","0",,,,,,,,,,"4"
"VRGM4","2021-01-26T04:00:00","-25.80","-42.50",,,"1","4","0","0","1","3","1","0","50","4","103","98","2","1","10120","4","0","0","270","0","240","228","1","260","4","4","5","5","6","8","6","4","9","7","6","425","52","992","114","5","1","2","1","111111","11111111111111","1","1",,,,,,,,,,"4"
"D5LW3","2021-01-26T06:00:00","-24.10","-45.10",,,"1","4","0","0","6","3","1","0","200","3","41","98",,,"10120","1",,"0","250",,,,,"250","5","5","5","3","5","2","10","2",,,,"425","45","992","114","5","0",,"1","11111F","111AA11AA111A7","1",,,,,,,,,,,"4"
"D5WI8","2021-01-26T06:00:00","-25.50","-48.40",,,"1","4","0","0","0","0","1","0","10","3","21","97","2","2","10014","0","20","0","250","0",,,"1","230","7","8","0","8","7","0","3","8","18","1","1","425","58","992","114","5","1","2","1","111111","11111118813111","1","5",,,,,,,,,,"4"
"VRGM4","2021-01-26T06:00:00","-25.70","-42.30",,,"1","4","0","0","1","3","1","0","50","4","98","98","2","0","10120","4","0","0","270","0","240","228","1","260","8","8","7","2","7","8","6","4","9","7","6","425","52","992","114","5","1","2","1","111111","11111111111111","1","0",,,,,,,,,,"4"
"VRUZ9","2021-01-26T07:00:00","-25.90","-44.20",,,"1","4","0","0","1","2","1","0","60","4","154","97","3","2","10119","5","40","0","250","0","220","205","1","220","7","7","A","4","7","A","5","8","8","5","8","425","54","992","114","5","1","2","1","112111","11111111111111","1","2",,,,,,,,,,"4"
"VRGL4","2021-01-26T09:00:00","-22.50","-41.10",,,"1","4","0","0","5","4","1","0","50","4","93","98","2","0","10198",,,"0","280","0","260","252","3","240","2","0","0","9","0","2","5","2","10","8","3","425","21","992","114","5","1","2","2","111111","1111111111111A","1","0",,,,,,,,,,"4"
"VRJH6","2021-01-26T09:00:00","-25.20","-47.30",,,"1","4","0","0","1","2","1","0","10","4","77","98","2","2","10097","3","3","0","255","0","230","218","3","280","7","6","5","5","6","A","5","2",,,,"425","57","992","114","5","1","2","2","111111","111111111111A1","1","2",,,,,,,,,,"4"
"VRGL4","2021-01-26T13:00:00","-23.10","-42.10",,,"1","4","0","0","5","4","1","0","50","4","93","98","3","2","10158","4","0","0","245","0","235","230","3","232","5","5","A","4","6","A","3","2","12","4","3","425","32","992","114","5","1","2","2","111111","11111111111111","1","2",,,,,,,,,,"4"
"VRGM4","2021-01-26T15:00:00","-24.50","-41.00",,,"1","4","0","0","1","3","1","0","40","4","87","98","2","1","10130","7","10","0","300","0","250","231","1","260","4","4","5","5","6","4","6","4","9","7","6","425","41","992","114","5","1","2","2","131111","11111111111111","1","1",,,,,,,,,,"4"
"VRGM4","2021-01-26T16:00:00","-24.40","-40.80",,,"1","4","0","0","1","3","1","0","30","4","108","98","2","1","10130","4","0","0","300","0","250","231","1","260","4","4","5","5","6","4","6","4","9","7","6","425","40","992","114","5","1","2","2","131111","11111111111111","1","1",,,,,,,,,,"4"
"VRGM4","2021-01-26T17:00:00","-24.20","-40.70",,,"1","4","0","0","1","3","1","0","40","4","98","98","2","1","10130","4","0","0","300","0","250","231","1","260","4","4","5","5","6","4","6","4","9","7","6","425","40","992","114","5","1","2","2","131111","11111111111111","1","1",,,,,,,,,,"4"
"VRGM4","2021-01-26T18:00:00","-24.10","-40.60",,,"1","4","0","0","1","3","1","0","50","4","98","98","2","1","10130","4","0","0","300","0","250","231","1","260","4","4","5","5","6","4","6","4","9","7","6","425","40","992","114","5","1","2","2","131111","11111111111111","1","1",,,,,,,,,,"4"
"VRGM4","2021-01-26T19:00:00","-23.90","-40.40",,,"1","4","0","0","1","3","1","0","50","4","93",,,,"10130",,"0","0","260","0","240","232","1","270",,,,"A",,,,,,,,"425","30","992","114","5","1","2","2","111111","11AAA111118AA7","1",,,,,,,,,,,"4"
"VRGL4","2021-01-26T20:00:00","-23.80","-44.10",,,"1","4","0","0","6","4","1","0","90","4","77","98","2","1","10118",,,"0","240","0","230","225","3","230","5","2","5","5","4","8","3","1","8","5","3","425","34","992","114","5","1","2","2","111111","1111111111111A","1","1",,,,,,,,,,"4"
"VRGM4","2021-01-26T20:00:00","-23.90","-40.30",,,"1","4","0","0","1","3","1","0","50","4","103",,,,"10130",,"0","0","260","0","240","232","1","270",,,,"A",,,,,,,,"425","30","992","114","5","1","2","2","111111","11AAA111118AA7","1",,,,,,,,,,,"4"
"D5LA7","2021-01-26T21:00:00","-24.70","-40.20",,,"1","4","0","0","5","3","1","0","50","4","72","97","2",,"10152","0",,"0","270","0","250","243",,"260","6","6","A","A","A","A",,,,,,"425","40","992","114","5","1","2","2","111111","1111A111111AA7","1",,,,,,,,,,,"4"
"VRGM4","2021-01-26T21:00:00","-23.90","-40.10",,,"1","4","0","0","1","3","1","0","60","4","98",,,,"10140","2",,"0","260","0","240","232","1","270",,,,"A",,,,,,,,"425","30","992","114","5","1","2","2","111111","11AAA111118AA7","1",,,,,,,,,,,"4"
"D5LA7","2021-01-26T23:00:00","-24.90","-40.50",,,"1","4","0","0","5","3","1","0","50","4","103","97","2",,"10151",,,"0","260","0","240","232",,"280","5","5","A","5","A","A",,,,,,"425","40","992","114","5","1","2","1","111111","1111A111111AAA","1",,,,,,,,,,,"4"
"D5LA7","2021-01-27T00:00:00","-25.10","-40.80",,,"1","4","0","0","5","3","1","0","50","4","103","97","2",,"10151",,,"0","240","0","220","211",,"280","5","5","A","6","A","A",,,,,,"425","50","992","114","5","1","2","1","111111","1111A111111AAA","1",,,,,,,,,,,"4"
"D5LA7","2021-01-27T01:00:00","-24.20","-40.90",,,"1","4","0","0","5","3","1","0","50","4","93","98","2",,"10151",,,"0","250","0","240","236",,"280","6","6","A","8","A","A",,,,,,"425","40","992","114","5","1","2","1","111111","1111A111111AAA","1",,,,,,,,,,,"4"
"D5LA7","2021-01-27T02:00:00","-25.30","-41.10",,,"1","4","0","0","5","3","1","0","30","4","93","97","2",,"10151",,,"0","240","0","220","211",,"280","6","6","A","7","A","A",,,,,,"425","51","992","114","5","1","2","1","111111","1111A111111AAA","1",,,,,,,,,,,"4"
"D5LA7","2021-01-27T04:00:00","-25.70","-41.60",,,"1","4","0","0","5","3","1","0","30","4","103","98","1",,"10141","0",,"0","250","0","240","236",,"280","6","6","A","A","A","A",,,,,,"425","51","992","114","5","1","2","1","111111","1111A111111AAA","1",,,,,,,,,,,"4"
"D5LA7","2021-01-27T05:00:00","-25.70","-41.70",,,"1","4","0","0","5","3","1","0","50","4","103","97","2",,"10151",,,"0","250","0","240","236",,"280","6","6","A","6","A","A",,,,,,"425","51","992","114","5","1","2","1","111111","1111A111111AAA","1",,,,,,,,,,,"4"
"D5LA7","2021-01-27T06:00:00","-25.90","-41.90",,,"1","4","0","0","5","3","1","0","50","4","139","97","2",,"10121","6",,"0","250","0","240","236",,"280","6","6","A","7","A","A",,,,,,"425","51","992","114","5","1","2","1","111111","1111A111111AA7","1",,,,,,,,,,,"4"
"D5LA7","2021-01-27T07:00:00","-26.00","-42.10",,,"1","4","0","0","5","3","1","0","30","4","103","97","3",,"10121",,,"0","250","0","240","236",,"280","7","7","A","8","A","A",,,,,,"425","62","992","114","5","1","2","1","311111","1111A111111AAA","1",,,,,,,,,,,"4"
"D5LA7","2021-01-27T08:00:00","-26.20","-42.30",,,"1","4","0","0","5","3","1","0","20","4","103","98","1",,"10121",,,"0","250","0","240","236",,"280","7","7","A","8","A","A",,,,,,"425","62","992","114","5","1","2","1","311111","1111A111111AAA","1",,,,,,,,,,,"4"
"D5LA7","2021-01-27T12:00:00","-26.70","-43.10",,,"1","4","0","0","5","3","1","0","10","4","118","97","2","2","10131",,,"0","270","0","260","257",,,"8","8","6","9","7","A","6","2","1","10","4","425","63","992","114","5","1","2","2","F11111","111111111A111A","1","2",,,,,,,,,,"4"
"D5LA7","2021-01-27T14:00:00","-27.00","-43.60",,,"1","4","0","0","5","3","1","0","10","4","123","98","2","2","10131",,,"0","280","0","260","253",,,"8","8","6","9","7","4","6","2","1","10","4","425","73","992","114","5","1","2","2","F11111","111111111A111A","1","2",,,,,,,,,,"4"
"VRKX7","2021-01-27T15:00:00","-24.90","-46.30",,,"1","4","0","0","5","3","1","0","50","4","77",,,"1","10140",,"0","0","280","1","260","253","1","280","5",,"1","6","7","6",,,,,,"425","46","992","114","5","1","2","2","111111","11AA1111111AA7","1","1",,,,,"0","A","A","A","A","4"
"9HA3984","2021-01-27T16:00:00","-23.30","-40.10",,,"1","4","0","0","5","3","1","0","60","4","77","97","1","2","10050","4","0","0","280","0","240","224",,"250","5","5","4","6","3","6","1","2","36","5","4","425","30","992","114","5","1","2","2","111111","11111111111111","1","1","36","5","4",,,,,,,"4"
"D5LA7","2021-01-27T17:00:00","-27.40","-44.20",,,"1","4","0","0","5","3","1","0","30","4","123","97",,,"10101",,,"0","280","0","260","253",,,"6","4","A","A","7","8","10","5","3","11","5","425","74","992","114","5","1","2","2","F11111","111AA1111A111A","1",,,,,,,,,,,"4"
"D5LA7","2021-01-27T19:00:00","-27.70","-44.50",,,"1","4","0","0","5","3","1","0","30","4","118","97",,,"10081",,,"0","280","0","260","253",,,"4","3","A","A","7","8","11","5","3","12","4","425","74","992","114","5","1","2","2","F11111","111AA1111A111A","1",,,,,,,,,,,"4"
"D5LA7","2021-01-27T20:00:00","-27.80","-44.70",,,"1","4","0","0","5","3","1","0","30","4","93","97","2",,"10071","0",,"0","280","0","260","253",,"270","5","5","A","A","A","A",,,,,,"425","74","992","114","5","1","2","2","111111","1111A111111AA7","1",,,,,,,,,,,"4"
"VRGL4","2021-01-27T21:00:00","-24.40","-46.50",,,"1","4","0","0","5","3","1","0","80","4","77","98","2","1","10077",,,"0","280","0","250","237","3","280","4","2","4","5","1","6","3","2","9","6","3","425","46","992","114","5","1","2","2","111111","1111111111111A","1","1",,,,,,,,,,"4"
"D5LA7","2021-01-27T22:00:00","-28.10","-45.10",,,"1","4","0","0","5","3","1","0","30","4","108","97","2",,"10071","0",,"0","270","0","250","243",,"260","7","7","A","A","A","A",,,,,,"425","85","992","114","5","1","2","1","111111","1111A111111AA7","1",,,,,,,,,,,"4"
"D5LA7","2021-01-28T00:00:00","-28.30","-45.50",,,"1","4","0","0","5","3","1","0","30","4","82","97","3",,"10121",,,"0","260","0","250","246",,"280","6","6","A","7","A","A",,,,,,"425","85","992","114","5","1","2","1","311111","1111A111111AAA","1",,,,,,,,,,,"4"
"D5LA7","2021-01-28T01:00:00","-28.50","-45.70",,,"1","4","0","0","5","3","1","0","10","4","98","97","3",,"10121",,,"0","260","0","250","246",,"280","8","8","7","9","7","A",,,,,,"425","85","992","114","5","1","2","1","311111","1111A111111AAA","1",,,,,,,,,,,"4"
"VRGL4","2021-01-28T01:00:00","-25.30","-46.90",,,"1","4","0","0","5","3","1","0","240","4","36","98","3","2","10107","5","20","0","290","0","265","255","3","273","6","6","A","5","7","A","5","1","9","3","3","425","56","992","114","5","1","2","1","111111","11111111111111","1","2",,,,,,,,,,"4"
"D5LA7","2021-01-28T02:00:00","-28.60","-45.90",,,"1","4","0","0","5","3","1","0","350","4","134","97","2",,"10121",,,"0","260","0","250","246",,"280","8","8","7","9","7","8",,,,,,"425","85","992","114","5","1","2","1","311211","1111A111111AAA","1",,,,,,,,,,,"4"
"D5LA7","2021-01-28T03:00:00","-28.80","-46.10",,,"1","4","0","0","5","3","1","0","350","4","103","97","2",,"10121",,,"0","250","0","240","236",,"280","8","8","A","9","A","A",,,,,,"425","86","992","114","5","1","2","1","311111","1111A111111AAA","1",,,,,,,,,,,"4"
"VRUZ9","2021-01-28T03:00:00","-23.00","-41.70",,,"1","4","0","0","1","2","1","0","40","4","26","97","2","0","10124","1","5","0","220","0","210","205","1","230","0","0","0","9","0","0","2","2","7","3","4","425","31","992","114","5","1","2","1","111111","11111111111111","1","0",,,,,,,,,,"4"
"D5LA7","2021-01-28T04:00:00","-28.90","-46.40",,,"1","4","0","0","5","3","1","0","350","4","103","97","2",,"10101",,,"0","250","0","240","236",,"280","7","7","A","8","A","A",,,,,,"425","86","992","114","5","1","2","1","311111","1111A111111AAA","1",,,,,,,,,,,"4"
"D5LA7","2021-01-28T05:00:00","-29.40","-46.60",,,"1","4","0","0","5","3","1","0","350","4","103","97","2",,"10121",,,"0","250","0","240","236",,"280","8","8","A","8","A","A",,,,,,"425","96","992","114","5","1","2","1","311111","1111A111111AAA","1",,,,,,,,,,,"4"
"D5LA7","2021-01-28T06:00:00","-29.20","-46.80",,,"1","4","0","0","5","3","1","0","310","4","93","97","2",,,,,"0","250","0","240","236",,"280","8","8","A","9","A","A",,,,,,"425","96","992","114","5","1","2","1","3111F1","1111AA11111AAA","1",,,,,,,,,,,"4"
"D5LA7","2021-01-28T07:00:00","-29.30","-47.00",,,"1","4","0","0","5","3","1","0","320","4","82","97","1",,"10091",,,"0","250","0","240","236",,"280","7","7","7","7","7","2",,,,,,"425","97","992","114","5","1","2","1","311111","1111A111111AAA","1",,,,,,,,,,,"4"
"VRUZ9","2021-01-28T07:00:00","-22.50","-41.00",,,"1","4","0","0","1","2","1","0","60","4","139","97","1","0","10114","5",,"0","230","0","220","215","1","220","5","5","5","4","A","A","5","6","8","5","6","425","21","992","114","5","1","2","1","112111","11111111111117","1","0",,,,,,,,,,"4"
"D5LA7","2021-01-28T08:00:00","-29.50","-47.20",,,"1","4","0","0","5","3","1","0","270","4","62","97","2",,"10101",,,"0","260","0","240","232",,"280","7","7","A","7","A","A",,,,,,"425","97","992","114","5","1","2","1","311111","1111A111111AAA","1",,,,,,,,,,,"4"
"VRGL4","2021-01-28T11:00:00","-27.40","-48.00",,,"1","4","0","0","5","3","1","0","350","4","77","98","2","2","10097",,,"0","270","0","250","241","3","270","8","6","6","2","7","0","3","2","7","7","3","425","78","992","114","5","1","2","2","111111","1111111111111A","1","2",,,,,,,,,,"4"
"D5LA7","2021-01-28T12:00:00","-30.00","-48.00",,,"1","4","0","0","5","3","1","0","220","4","51","98","2","2","10081",,,"0","270","0","260","257",,,"6","6","0","9","7","8","2","1","22","10","4","461","8","992","114","5","1","2","2","F11111","111111111A111A","1","2",,,,,,,,,,"4"
"VRUZ9","2021-01-28T15:00:00","-21.40","-40.30",,,"1","4","0","0","8","2","1","0","10","4","118","97","3","2","10144","2","5","0","270","0","240","226","1","280","4","3","1","4","4","8","4","5",,,,"425","10","992","114","5","1","2","2","111111","111111111111A1","1","2",,,,,,,,,,"4"
"VRGL4","2021-01-28T21:00:00","-29.50","-49.20",,,"1","4","0","0","5","3","1","0","170","4","51","98","25","6","10088",,,"0","250","0","250","250","3","230","8","6","7","2","2","A","3","1","7","7","3","425","99","992","114","5","1","2","2","111113","1111111111111A","1","2",,,,,,,,,,"4"
"PWBS","2021-01-29T00:00:00","-24.10","-42.20",,,"1","4","0","0","3","2","1","0","70","4","57","99","1","0","10080","4","0","0","260","0","230","218","1","260","5","2","6","5","3","5","8","3",,,,"425","42","992","114","5","1","2","1","111111","111111111111A1","1","1",,,,,,,,,,"4"
"D5WI8","2021-01-29T03:00:00","-25.60","-48.40",,,"1","4","0","0","2","3","1","0","10","3","21","97","2","2","10012","0","20","0","270","0",,,"1","250","7","8","0","8","7","0","3","8","18","1","1","425","58","992","114","5","1","2","1","111111","11111118813111","1","5",,,,,,,,,,"4"
"PWBS","2021-01-29T06:00:00","-29.90","-42.00",,,"1","4","0","0","4","2","1","0","30","4","123","96","0","0","10100","4","0","0","280",,,"222",,,"2","0","0","8","1","1",,,,,,"425","92","992","114","5","1","2","1","F11111","1114111A1A1AA1","1","0",,,,,,,,,,"4"
"VRJH6","2021-01-29T09:00:00","-24.40","-46.10",,,"1","4","0","0","3","4","1","0","270","4","26","98",,"2","10095","3","8","0","270","0","260","256","3","290","6","5","5","5","4","A","6","1",,,,"425","46","992","114","5","1","2","2","111111","111A11111111A1","1","2",,,,,,,,,,"4"
"PWBS","2021-01-29T12:00:00","-25.70","-42.50",,,"1","4","0","0","5","2","1","0","30","4","123","97","1","0","10100","1","10","0","280","0","250","240","1","260","3","2","0","8","1","1","7","4",,,,"425","52","992","114","5","1","2","2","111111","111111111111A1","1","0",,,,,,,,,,"4"
"V7FJ8","2021-01-29T12:00:00","-20.40","-40.20",,,"1","4","0","0","0","0","1","0","50","3","67",,,"2","10150","4","0","3","290","0","270","260","3","260","4","4","5","2","2","4","6","1","5","5","0","425","0","992","114","5","1","2","2","111111","11AA1111111111","1","1","6","2","0",,,,,,,"4"
"D5DS3","2021-01-29T13:00:00","-23.30","-42.70",,,"1","4","0","0","6","3","1","0","330","4","15","97","2","0","10116","6",,"0","250",,,,,"260","3","3","5","5","4","0","5","1",,,,"425","32","992","114","5","1","2","2","11111F","1111111AA111A7","1","0",,,,,,,,,,"4"
"VRKC2","2021-01-29T13:00:00","-24.00","-40.80",,,"1","4","0","0","6","4","1","0","20","4","154","97","2","1","10120","7","10","0","280","0","250","237",,"250","3","2","6","2","1","A","7","6","7","5","2","425","40","992","114","5","1","2","2","111211","11111111111111","1","0",,,,,,,,,,"4"
"V7FJ8","2021-01-29T14:00:00","-20.40","-40.20",,,"1","4","0","0","0","0","1","0","50","3","67",,,"2","10150","4","0","3","290","0","270","260","3","260","4","4","5","2","2","4","6","1","5","5","0","425","0","992","114","5","1","2","2","111111","11AA1111111111","1","1","6","2","0",,,,,,,"4"
"D5WI8","2021-01-29T15:00:00","-28.10","-47.90",,,"1","4","0","0","3","3","1","0","10","3","21","97","2","2","10014","0","20","0","260","0",,,"1","240","7","8","0","8","7","0","3","8","18","1","1","425","87","992","114","5","1","2","2","111111","11111118813111","1","5",,,,,,,,,,"4"
"PWBS","2021-01-29T18:00:00","-25.40","-42.80",,,"1","4","0","0","8","2","1","0","10","4","77","96","1","2","10100","4","0","0","280","0","250","240","0","260","4","1","1","4","3","4","7","4",,,,"425","52","992","114","5","1","2","2","111111","111411111111A1","1",,,,,,,,,,,"4"
"VRJH6","2021-01-29T22:00:00","-26.20","-42.60",,,"1","4","0","0","2","4","1","0","30","4","98","98",,"2","10100","5","1","0","265","0","250","244","3","290","5","0","0","9","0","1","6","4","9","8","4","425","62","992","114","5","1","2","1","511111","111A1111111111","1","2",,,,,,,,,,"4"
"V7FJ8","2021-01-29T23:00:00","-20.40","-40.20",,,"1","4","0","0","0","0","1","0","50","3","67",,,"2","10150","4","0","3","290","0","270","260","3","260","4","4","5","2","2","4","6","1","5","5","0","425","0","992","114","5","1","2","1","111111","11AA1111111111","1","1","6","2","0",,,,,,,"4"
"PWBS","2021-01-30T00:00:00","-25.20","-43.10",,,"1","4","0","0","5","2","1","0","50","4","93","97","1","0","10090","4","0","0","260","0","230","218","1","260","3","1","4","6","1","0","6","4",,,,"425","53","992","114","5","1","2","1","111111","111111111111A1","1","0",,,,,,,,,,"4"
"V7FJ8","2021-01-30T02:00:00","-20.40","-40.20",,,"1","4","0","0","0","0","1","0","50","0","130",,,"2","10150","4","0","3","290","0","270","260","3","260","4","4","5","2","2","4","6","1","5","5","0","425","0","992","114","5","1","2","1","111111","14AA1111111411","1","1","6","2","0",,,,,,,"4"
"PWBS","2021-01-30T06:00:00","-24.30","-43.50",,,"1","4","0","0","8","2","1","0","30","4","144","98","1","0","10090","4","0","0","260","0","240","233","1","260","2","1","0","6","1","5","7","4",,,,"425","43","992","114","5","1","2","1","111211","111111111111A1","1","0",,,,,,,,,,"4"
"V7FJ8","2021-01-30T12:00:00","-20.40","-40.20",,,"1","4","0","0","0","0","1","0","50","0","130",,,"2","10150","4","0","3","290","0","270","260","3","260","4","4","5","2","2","4","6","1","5","5","0","425","0","992","114","5","1","2","2","111111","14AA1111111411","1","1","6","2","0",,,,,,,"4"
"PWBS","2021-01-31T00:00:00","-23.90","-44.00",,,"1","4","0","0",,,"1","0","50","4","41","96",,,"10110","2","10","0","240",,,"212",,,"3",,,"4",,,,,,,,"425","34","992","114","5","1","2","1","F11111","111AA11A1A1AA1","1",,,,,,,,,,,"4"
"V7FJ8","2021-01-31T02:00:00","-20.40","-40.20",,,"1","4","0","0","0","0","1","0","50","3","93","97",,"2","10160","4","0","3","290","0","270","260","3","260","5","5","1","3","4","5","6","1","5","4","1","425","0","992","114","5","1","2","1","111111","111A1111111111","1","2","4","2","1",,,,,,,"4"
"D5LW3","2021-01-31T06:00:00","-23.80","-42.10",,,"1","4","0","0","2","3","1","0","50","3","170","98",,,"10130","0",,"0","260",,,,,"265","3","3","1","5","4","5","8","3",,,,"425","32","992","114","5","1","2","1","11221F","111AA11AA111A7","1",,,,,,,,,,,"4"
"PWBS","2021-01-31T06:00:00","-24.20","-44.60",,,"1","4","0","0","5","2","1","0","70","4","72","97","3","2","10100","0","90","0","230",,,"186","1","240","5","2","4","6","5","0","0","0",,,,"425","44","992","114","5","1","2","1","111111","1411111A1114A1","1","2",,,,,,,,,,"4"
"VRMO3","2021-01-31T06:00:00","-26.20","-42.80",,,"1","4","0","0","1","3","1","0","50","4","165","97",,"5","10100","0","0","0","250","0","250","250","1","270","6","6","4","8","6","4","4","8","5","3","8","425","62","992","114","5","1","2","1","112113","111A1111111111","1","2",,,,"0","0","A","A","A","A","4"
"9V9777","2021-01-31T09:00:00","-23.30","-42.40",,,"1","4","0","0","2","4","1","0","50","3","165","98",,,"10121","3","10","0","250","0","220","205","1","260","4",,,"A",,,,,,,,"425","32","992","114","5","1","2","2","112211","111AA111111AA1","1",,,,,,,,,,,"4"
"9V9777","2021-01-31T12:00:00","-23.00","-41.60",,,"1","4","0","0","1","4","1","0","20","3","165","98",,,"10137","0","15","0","250","0","240","235","1","280",,,"A","A","A","8",,"6",,,,"425","31","992","114","5","1","2","2","111211","111AA1111183A1","1",,,,,,,,,,,"4"
"D5LW3","2021-01-31T12:00:00","-23.50","-40.60",,,"1","4","0","0","1","3","1","0","50","3","139","98","3","2","10080","2","20","0","290","0","260","248",,"270","5","5","1","4","4","4","12","6",,,,"425","30","992","114","5","1","2","2","111111","111111111111A1","1","2",,,,,,,,,,"4"
"V7FJ8","2021-01-31T14:00:00","-20.40","-40.20",,,"1","4","0","0","0","0","1","0","50","3","93","97",,"2","10160","4","0","3","290","0","270","260","3","260","5","5","1","3","4","5","6","1","5","4","1","425","0","992","114","5","1","2","2","111111","111A1111111111","1","2","4","2","1",,,,,,,"4"
"VRMO3","2021-01-31T15:00:00","-25.10","-41.40",,,"1","4","0","0","1","3","1","0","50","4","118","98",,"0","10140","5","0","0","280","0","270","266","1","280","6","6","1","9","1","5","4","6","4","4","6","425","51","992","114","5","1","2","2","111111","111A1111111111","1","0",,,,"0","0","A","A","A","A","4"
"9V9777","2021-01-31T18:00:00","-21.80","-40.10",,,"1","4","0","0","1","4","1","0","20","3","165","98",,,"10127","7","20","0","280","0","240","221","1","300","2","2","1","5","4","0","8","7","9","7","3","425","10","992","114","5","1","2","2","311411","111AA111111111","1",,,,,,,,,,,"4"
